case_id,task,question,questionnaire,expected_answer,prompt,Response,Correct
case_47,answer_lookup,What is the Background (examination) of the respondent whose score for 'Identification' was 3 and score for 'Background (history)' was 3?,"{
  ""questions"": {
    ""Date"": ""What is the date of the session? [Open-ended]"",
    ""SessionName"": ""What is the name of the session? [Open-ended]"",
    ""Identification"": ""Identification of self, role, and patient. [Rubric: 0 = Requires direct prompting, 1 = Introduces themselves but only after a hint, 2 = Introduces themselves but information is incomplete, 3 = Introduces themselves and information is complete]"",
    ""Situation"": ""Identifies the main problem(s). [Rubric: 0 = Unable to identify the main problem(s), 1 = Identifies the main problem(s) after extended prompting, 2 = Identifies the main problem(s) with fewer prompts needed, 3 = Identifies and prioritizes the main problem(s) unprompted]"",
    ""Background (history)"": ""Gives appropriate history. [Rubric: 0 = History is unstructured or non-relevant, 1 = Relevant history but frequent clarification needed, 2 = Relevant history with few further questions needed, 3 = Comprehensive focused history]"",
    ""Background (examination)"": ""Gives appropriate examination/observations. [Rubric: 0 = Observations are omitted or irrelevant, 1 = Observations reported but frequent clarification needed, 2 = Observations reported with few further questions needed, 3 = Comprehensive focused examination/observations]"",
    ""Assessment"": ""Makes logical assessment (correlates problem, history, exam, context). [Rubric: 0 = No logical assessment, 1 = Assessment only after extended questioning, 2 = Assessment after minimal questioning, 3 = Comprehensive logical assessment without questioning]"",
    ""Recommendation (clear recommendation)"": ""Makes a clear recommendation. [Rubric: 0 = No recommendation, 1 = Clear recommendation only after extended questioning, 2 = Clear recommendation after minimal questioning, 3 = Clear comprehensive recommendation without questioning]"",
    ""Recommendation (global rating scale)"": ""Global Rating Scale (GRS) - How confident am I that I received an accurate picture of the patient? [Rubric: 0 = Not at all confident, 1 = Confident but required extended questioning, 2 = Confident but required some further questioning, 3 = Confident and required little or no questioning]"",
    ""Comments"": ""Comments on the session. [Open-ended]""
  },
  ""responses"": [
    {
      ""respondent"": ""4"",
      ""answers"": {
        ""Date"": ""2025-05-16"",
        ""SessionName"": ""III (Sepsis)"",
        ""Identification"": 3,
        ""Situation"": 3,
        ""Background (history)"": 3,
        ""Background (examination)"": 2,
        ""Assessment"": 2,
        ""Recommendation (clear recommendation)"": 2,
        ""Recommendation (global rating scale)"": 2,
        ""Comments"": ""Clinical handover and communication skills, satisfactory\nNo panic, no arrest team\nSatisfactory""
      }
    },
    {
      ""respondent"": ""13"",
      ""answers"": {
        ""Date"": ""2025-03-14"",
        ""SessionName"": ""I-VF"",
        ""Identification"": 3,
        ""Situation"": 3,
        ""Background (history)"": 2,
        ""Background (examination)"": 1,
        ""Assessment"": 2,
        ""Recommendation (clear recommendation)"": 2,
        ""Recommendation (global rating scale)"": 2,
        ""Comments"": ""Time: (10:29-10:54)\nVentricular fibrillation (CVS)\nLack of communication btween 2 main interns\nFurther brief to patient, ask patent concerns""
      }
    },
    {
      ""respondent"": ""19"",
      ""answers"": {
        ""Date"": ""2025-05-16"",
        ""SessionName"": ""I - MI"",
        ""Identification"": 3,
        ""Situation"": 3,
        ""Background (history)"": 3,
        ""Background (examination)"": 3,
        ""Assessment"": 2,
        ""Recommendation (clear recommendation)"": 3,
        ""Recommendation (global rating scale)"": 3,
        ""Comments"": ""Wrong CPR position\nClarity is a bit low over whole case scenario\nSatisfactory""
      }
    },
    {
      ""respondent"": ""7"",
      ""answers"": {
        ""Date"": ""2025-03-14"",
        ""SessionName"": ""III-Sepsis"",
        ""Identification"": 3,
        ""Situation"": 3,
        ""Background (history)"": 2,
        ""Background (examination)"": 3,
        ""Assessment"": 2,
        ""Recommendation (clear recommendation)"": 2,
        ""Recommendation (global rating scale)"": 2,
        ""Comments"": ""Time: (1:00-1:17)""
      }
    },
    {
      ""respondent"": ""9"",
      ""answers"": {
        ""Date"": ""2025-05-04"",
        ""SessionName"": ""II (Anaphylaxsis)"",
        ""Identification"": 3,
        ""Situation"": 3,
        ""Background (history)"": 2,
        ""Background (examination)"": 2,
        ""Assessment"": 2,
        ""Recommendation (clear recommendation)"": 3,
        ""Recommendation (global rating scale)"": 2,
        ""Comments"": ""Overall a bit unclear communication reflected""
      }
    },
    {
      ""respondent"": ""2"",
      ""answers"": {
        ""Date"": ""2025-04-04"",
        ""SessionName"": ""MI"",
        ""Identification"": 3,
        ""Situation"": 3,
        ""Background (history)"": 2,
        ""Background (examination)"": 3,
        ""Assessment"": 3,
        ""Recommendation (clear recommendation)"": 2,
        ""Recommendation (global rating scale)"": 1,
        ""Comments"": ""
      }
    },
    {
      ""respondent"": ""14"",
      ""answers"": {
        ""Date"": ""2025-03-14"",
        ""SessionName"": ""IV-Hypoglycemia"",
        ""Identification"": 3,
        ""Situation"": 3,
        ""Background (history)"": 2,
        ""Background (examination)"": 2,
        ""Assessment"": 3,
        ""Recommendation (clear recommendation)"": 1,
        ""Recommendation (global rating scale)"": 2,
        ""Comments"": ""Time: (2:36-2:53)\nLate response for considering consultation""
      }
    },
    {
      ""respondent"": ""1"",
      ""answers"": {
        ""Date"": ""2025-05-02"",
        ""SessionName"": ""V (Hypoglycemia)"",
        ""Identification"": -1,
        ""Situation"": 2,
        ""Background (history)"": 2,
        ""Background (examination)"": 2,
        ""Assessment"": 3,
        ""Recommendation (clear recommendation)"": 2,
        ""Recommendation (global rating scale)"": 2,
        ""Comments"": ""Satisfactory""
      }
    },
    {
      ""respondent"": ""21"",
      ""answers"": {
        ""Date"": ""2025-05-16"",
        ""SessionName"": ""I (Myocardial infarction)"",
        ""Identification"": 3,
        ""Situation"": 2,
        ""Background (history)"": 3,
        ""Background (examination)"": 1,
        ""Assessment"": 2,
        ""Recommendation (clear recommendation)"": 3,
        ""Recommendation (global rating scale)"": 3,
        ""Comments"": ""Diagnostic clarity is present\nGood and early assessment of condition is done""
      }
    },
    {
      ""respondent"": ""22"",
      ""answers"": {
        ""Date"": ""2025-05-16"",
        ""SessionName"": ""IV (VT)"",
        ""Identification"": 3,
        ""Situation"": 3,
        ""Background (history)"": 3,
        ""Background (examination)"": 3,
        ""Assessment"": 2,
        ""Recommendation (clear recommendation)"": 2,
        ""Recommendation (global rating scale)"": 3,
        ""Comments"": ""Clear communication skills\nGood""
      }
    },
    {
      ""respondent"": ""15"",
      ""answers"": {
        ""Date"": ""2025-05-04"",
        ""SessionName"": ""III - Sepsis"",
        ""Identification"": 3,
        ""Situation"": 3,
        ""Background (history)"": 2,
        ""Background (examination)"": 3,
        ""Assessment"": 2,
        ""Recommendation (clear recommendation)"": 2,
        ""Recommendation (global rating scale)"": 2,
        ""Comments"": ""Detailed Response - clear communication""
      }
    },
    {
      ""respondent"": ""11"",
      ""answers"": {
        ""Date"": ""2025-04-04"",
        ""SessionName"": ""IV (AF)"",
        ""Identification"": 3,
        ""Situation"": 3,
        ""Background (history)"": 3,
        ""Background (examination)"": 3,
        ""Assessment"": 3,
        ""Recommendation (clear recommendation)"": 3,
        ""Recommendation (global rating scale)"": 3,
        ""Comments"": ""Clear communication and handover""
      }
    }
  ]
}",2,"<example>
What is the Assessment of the respondent from the 'II (Anaphylaxsis)' session on '2025-05-04'?

DATA:

{
  ""questions"": {
    ""Date"": ""What is the date of the session? [Open-ended]"",
    ""SessionName"": ""What is the name of the session? [Open-ended]"",
    ""Identification"": ""Identification of self, role, and patient. [Rubric: 0 = Requires direct prompting, 1 = Introduces themselves but only after a hint, 2 = Introduces themselves but information is incomplete, 3 = Introduces themselves and information is complete]"",
    ""Situation"": ""Identifies the main problem(s). [Rubric: 0 = Unable to identify the main problem(s), 1 = Identifies the main problem(s) after extended prompting, 2 = Identifies the main problem(s) with fewer prompts needed, 3 = Identifies and prioritizes the main problem(s) unprompted]"",
    ""Background (history)"": ""Gives appropriate history. [Rubric: 0 = History is unstructured or non-relevant, 1 = Relevant history but frequent clarification needed, 2 = Relevant history with few further questions needed, 3 = Comprehensive focused history]"",
    ""Background (examination)"": ""Gives appropriate examination/observations. [Rubric: 0 = Observations are omitted or irrelevant, 1 = Observations reported but frequent clarification needed, 2 = Observations reported with few further questions needed, 3 = Comprehensive focused examination/observations]"",
    ""Assessment"": ""Makes logical assessment (correlates problem, history, exam, context). [Rubric: 0 = No logical assessment, 1 = Assessment only after extended questioning, 2 = Assessment after minimal questioning, 3 = Comprehensive logical assessment without questioning]"",
    ""Recommendation (clear recommendation)"": ""Makes a clear recommendation. [Rubric: 0 = No recommendation, 1 = Clear recommendation only after extended questioning, 2 = Clear recommendation after minimal questioning, 3 = Clear comprehensive recommendation without questioning]"",
    ""Recommendation (global rating scale)"": ""Global Rating Scale (GRS) - How confident am I that I received an accurate picture of the patient? [Rubric: 0 = Not at all confident, 1 = Confident but required extended questioning, 2 = Confident but required some further questioning, 3 = Confident and required little or no questioning]"",
    ""Comments"": ""Comments on the session. [Open-ended]""
  },
  ""responses"": [
    {
      ""respondent"": ""4"",
      ""answers"": {
        ""Date"": ""2025-05-16"",
        ""SessionName"": ""III (Sepsis)"",
        ""Identification"": 3,
        ""Situation"": 3,
        ""Background (history)"": 3,
        ""Background (examination)"": 2,
        ""Assessment"": 2,
        ""Recommendation (clear recommendation)"": 2,
        ""Recommendation (global rating scale)"": 2,
        ""Comments"": ""Clinical handover and communication skills, satisfactory\nNo panic, no arrest team\nSatisfactory""
      }
    },
    {
      ""respondent"": ""13"",
      ""answers"": {
        ""Date"": ""2025-03-14"",
        ""SessionName"": ""I-VF"",
        ""Identification"": 3,
        ""Situation"": 3,
        ""Background (history)"": 2,
        ""Background (examination)"": 1,
        ""Assessment"": 2,
        ""Recommendation (clear recommendation)"": 2,
        ""Recommendation (global rating scale)"": 2,
        ""Comments"": ""Time: (10:29-10:54)\nVentricular fibrillation (CVS)\nLack of communication btween 2 main interns\nFurther brief to patient, ask patent concerns""
      }
    },
    {
      ""respondent"": ""19"",
      ""answers"": {
        ""Date"": ""2025-05-16"",
        ""SessionName"": ""I - MI"",
        ""Identification"": 3,
        ""Situation"": 3,
        ""Background (history)"": 3,
        ""Background (examination)"": 3,
        ""Assessment"": 2,
        ""Recommendation (clear recommendation)"": 3,
        ""Recommendation (global rating scale)"": 3,
        ""Comments"": ""Wrong CPR position\nClarity is a bit low over whole case scenario\nSatisfactory""
      }
    },
    {
      ""respondent"": ""7"",
      ""answers"": {
        ""Date"": ""2025-03-14"",
        ""SessionName"": ""III-Sepsis"",
        ""Identification"": 3,
        ""Situation"": 3,
        ""Background (history)"": 2,
        ""Background (examination)"": 3,
        ""Assessment"": 2,
        ""Recommendation (clear recommendation)"": 2,
        ""Recommendation (global rating scale)"": 2,
        ""Comments"": ""Time: (1:00-1:17)""
      }
    },
    {
      ""respondent"": ""9"",
      ""answers"": {
        ""Date"": ""2025-05-04"",
        ""SessionName"": ""II (Anaphylaxsis)"",
        ""Identification"": 3,
        ""Situation"": 3,
        ""Background (history)"": 2,
        ""Background (examination)"": 2,
        ""Assessment"": 2,
        ""Recommendation (clear recommendation)"": 3,
        ""Recommendation (global rating scale)"": 2,
        ""Comments"": ""Overall a bit unclear communication reflected""
      }
    },
    {
      ""respondent"": ""2"",
      ""answers"": {
        ""Date"": ""2025-04-04"",
        ""SessionName"": ""MI"",
        ""Identification"": 3,
        ""Situation"": 3,
        ""Background (history)"": 2,
        ""Background (examination)"": 3,
        ""Assessment"": 3,
        ""Recommendation (clear recommendation)"": 2,
        ""Recommendation (global rating scale)"": 1,
        ""Comments"": ""
      }
    },
    {
      ""respondent"": ""14"",
      ""answers"": {
        ""Date"": ""2025-03-14"",
        ""SessionName"": ""IV-Hypoglycemia"",
        ""Identification"": 3,
        ""Situation"": 3,
        ""Background (history)"": 2,
        ""Background (examination)"": 2,
        ""Assessment"": 3,
        ""Recommendation (clear recommendation)"": 1,
        ""Recommendation (global rating scale)"": 2,
        ""Comments"": ""Time: (2:36-2:53)\nLate response for considering consultation""
      }
    },
    {
      ""respondent"": ""1"",
      ""answers"": {
        ""Date"": ""2025-05-02"",
        ""SessionName"": ""V (Hypoglycemia)"",
        ""Identification"": -1,
        ""Situation"": 2,
        ""Background (history)"": 2,
        ""Background (examination)"": 2,
        ""Assessment"": 3,
        ""Recommendation (clear recommendation)"": 2,
        ""Recommendation (global rating scale)"": 2,
        ""Comments"": ""Satisfactory""
      }
    },
    {
      ""respondent"": ""21"",
      ""answers"": {
        ""Date"": ""2025-05-16"",
        ""SessionName"": ""I (Myocardial infarction)"",
        ""Identification"": 3,
        ""Situation"": 2,
        ""Background (history)"": 3,
        ""Background (examination)"": 1,
        ""Assessment"": 2,
        ""Recommendation (clear recommendation)"": 3,
        ""Recommendation (global rating scale)"": 3,
        ""Comments"": ""Diagnostic clarity is present\nGood and early assessment of condition is done""
      }
    },
    {
      ""respondent"": ""22"",
      ""answers"": {
        ""Date"": ""2025-05-16"",
        ""SessionName"": ""IV (VT)"",
        ""Identification"": 3,
        ""Situation"": 3,
        ""Background (history)"": 3,
        ""Background (examination)"": 3,
        ""Assessment"": 2,
        ""Recommendation (clear recommendation)"": 2,
        ""Recommendation (global rating scale)"": 3,
        ""Comments"": ""Clear communication skills\nGood""
      }
    },
    {
      ""respondent"": ""15"",
      ""answers"": {
        ""Date"": ""2025-05-04"",
        ""SessionName"": ""III - Sepsis"",
        ""Identification"": 3,
        ""Situation"": 3,
        ""Background (history)"": 2,
        ""Background (examination)"": 3,
        ""Assessment"": 2,
        ""Recommendation (clear recommendation)"": 2,
        ""Recommendation (global rating scale)"": 2,
        ""Comments"": ""Detailed Response - clear communication""
      }
    },
    {
      ""respondent"": ""11"",
      ""answers"": {
        ""Date"": ""2025-04-04"",
        ""SessionName"": ""IV (AF)"",
        ""Identification"": 3,
        ""Situation"": 3,
        ""Background (history)"": 3,
        ""Background (examination)"": 3,
        ""Assessment"": 3,
        ""Recommendation (clear recommendation)"": 3,
        ""Recommendation (global rating scale)"": 3,
        ""Comments"": ""Clear communication and handover""
      }
    }
  ]
}

Answer: 2
</example>

<questionnaire>
{
  ""questions"": {
    ""Date"": ""What is the date of the session? [Open-ended]"",
    ""SessionName"": ""What is the name of the session? [Open-ended]"",
    ""Identification"": ""Identification of self, role, and patient. [Rubric: 0 = Requires direct prompting, 1 = Introduces themselves but only after a hint, 2 = Introduces themselves but information is incomplete, 3 = Introduces themselves and information is complete]"",
    ""Situation"": ""Identifies the main problem(s). [Rubric: 0 = Unable to identify the main problem(s), 1 = Identifies the main problem(s) after extended prompting, 2 = Identifies the main problem(s) with fewer prompts needed, 3 = Identifies and prioritizes the main problem(s) unprompted]"",
    ""Background (history)"": ""Gives appropriate history. [Rubric: 0 = History is unstructured or non-relevant, 1 = Relevant history but frequent clarification needed, 2 = Relevant history with few further questions needed, 3 = Comprehensive focused history]"",
    ""Background (examination)"": ""Gives appropriate examination/observations. [Rubric: 0 = Observations are omitted or irrelevant, 1 = Observations reported but frequent clarification needed, 2 = Observations reported with few further questions needed, 3 = Comprehensive focused examination/observations]"",
    ""Assessment"": ""Makes logical assessment (correlates problem, history, exam, context). [Rubric: 0 = No logical assessment, 1 = Assessment only after extended questioning, 2 = Assessment after minimal questioning, 3 = Comprehensive logical assessment without questioning]"",
    ""Recommendation (clear recommendation)"": ""Makes a clear recommendation. [Rubric: 0 = No recommendation, 1 = Clear recommendation only after extended questioning, 2 = Clear recommendation after minimal questioning, 3 = Clear comprehensive recommendation without questioning]"",
    ""Recommendation (global rating scale)"": ""Global Rating Scale (GRS) - How confident am I that I received an accurate picture of the patient? [Rubric: 0 = Not at all confident, 1 = Confident but required extended questioning, 2 = Confident but required some further questioning, 3 = Confident and required little or no questioning]"",
    ""Comments"": ""Comments on the session. [Open-ended]""
  },
  ""responses"": [
    {
      ""respondent"": ""4"",
      ""answers"": {
        ""Date"": ""2025-05-16"",
        ""SessionName"": ""III (Sepsis)"",
        ""Identification"": 3,
        ""Situation"": 3,
        ""Background (history)"": 3,
        ""Background (examination)"": 2,
        ""Assessment"": 2,
        ""Recommendation (clear recommendation)"": 2,
        ""Recommendation (global rating scale)"": 2,
        ""Comments"": ""Clinical handover and communication skills, satisfactory\nNo panic, no arrest team\nSatisfactory""
      }
    },
    {
      ""respondent"": ""13"",
      ""answers"": {
        ""Date"": ""2025-03-14"",
        ""SessionName"": ""I-VF"",
        ""Identification"": 3,
        ""Situation"": 3,
        ""Background (history)"": 2,
        ""Background (examination)"": 1,
        ""Assessment"": 2,
        ""Recommendation (clear recommendation)"": 2,
        ""Recommendation (global rating scale)"": 2,
        ""Comments"": ""Time: (10:29-10:54)\nVentricular fibrillation (CVS)\nLack of communication btween 2 main interns\nFurther brief to patient, ask patent concerns""
      }
    },
    {
      ""respondent"": ""19"",
      ""answers"": {
        ""Date"": ""2025-05-16"",
        ""SessionName"": ""I - MI"",
        ""Identification"": 3,
        ""Situation"": 3,
        ""Background (history)"": 3,
        ""Background (examination)"": 3,
        ""Assessment"": 2,
        ""Recommendation (clear recommendation)"": 3,
        ""Recommendation (global rating scale)"": 3,
        ""Comments"": ""Wrong CPR position\nClarity is a bit low over whole case scenario\nSatisfactory""
      }
    },
    {
      ""respondent"": ""7"",
      ""answers"": {
        ""Date"": ""2025-03-14"",
        ""SessionName"": ""III-Sepsis"",
        ""Identification"": 3,
        ""Situation"": 3,
        ""Background (history)"": 2,
        ""Background (examination)"": 3,
        ""Assessment"": 2,
        ""Recommendation (clear recommendation)"": 2,
        ""Recommendation (global rating scale)"": 2,
        ""Comments"": ""Time: (1:00-1:17)""
      }
    },
    {
      ""respondent"": ""9"",
      ""answers"": {
        ""Date"": ""2025-05-04"",
        ""SessionName"": ""II (Anaphylaxsis)"",
        ""Identification"": 3,
        ""Situation"": 3,
        ""Background (history)"": 2,
        ""Background (examination)"": 2,
        ""Assessment"": 2,
        ""Recommendation (clear recommendation)"": 3,
        ""Recommendation (global rating scale)"": 2,
        ""Comments"": ""Overall a bit unclear communication reflected""
      }
    },
    {
      ""respondent"": ""2"",
      ""answers"": {
        ""Date"": ""2025-04-04"",
        ""SessionName"": ""MI"",
        ""Identification"": 3,
        ""Situation"": 3,
        ""Background (history)"": 2,
        ""Background (examination)"": 3,
        ""Assessment"": 3,
        ""Recommendation (clear recommendation)"": 2,
        ""Recommendation (global rating scale)"": 1,
        ""Comments"": ""
      }
    },
    {
      ""respondent"": ""14"",
      ""answers"": {
        ""Date"": ""2025-03-14"",
        ""SessionName"": ""IV-Hypoglycemia"",
        ""Identification"": 3,
        ""Situation"": 3,
        ""Background (history)"": 2,
        ""Background (examination)"": 2,
        ""Assessment"": 3,
        ""Recommendation (clear recommendation)"": 1,
        ""Recommendation (global rating scale)"": 2,
        ""Comments"": ""Time: (2:36-2:53)\nLate response for considering consultation""
      }
    },
    {
      ""respondent"": ""1"",
      ""answers"": {
        ""Date"": ""2025-05-02"",
        ""SessionName"": ""V (Hypoglycemia)"",
        ""Identification"": -1,
        ""Situation"": 2,
        ""Background (history)"": 2,
        ""Background (examination)"": 2,
        ""Assessment"": 3,
        ""Recommendation (clear recommendation)"": 2,
        ""Recommendation (global rating scale)"": 2,
        ""Comments"": ""Satisfactory""
      }
    },
    {
      ""respondent"": ""21"",
      ""answers"": {
        ""Date"": ""2025-05-16"",
        ""SessionName"": ""I (Myocardial infarction)"",
        ""Identification"": 3,
        ""Situation"": 2,
        ""Background (history)"": 3,
        ""Background (examination)"": 1,
        ""Assessment"": 2,
        ""Recommendation (clear recommendation)"": 3,
        ""Recommendation (global rating scale)"": 3,
        ""Comments"": ""Diagnostic clarity is present\nGood and early assessment of condition is done""
      }
    },
    {
      ""respondent"": ""22"",
      ""answers"": {
        ""Date"": ""2025-05-16"",
        ""SessionName"": ""IV (VT)"",
        ""Identification"": 3,
        ""Situation"": 3,
        ""Background (history)"": 3,
        ""Background (examination)"": 3,
        ""Assessment"": 2,
        ""Recommendation (clear recommendation)"": 2,
        ""Recommendation (global rating scale)"": 3,
        ""Comments"": ""Clear communication skills\nGood""
      }
    },
    {
      ""respondent"": ""15"",
      ""answers"": {
        ""Date"": ""2025-05-04"",
        ""SessionName"": ""III - Sepsis"",
        ""Identification"": 3,
        ""Situation"": 3,
        ""Background (history)"": 2,
        ""Background (examination)"": 3,
        ""Assessment"": 2,
        ""Recommendation (clear recommendation)"": 2,
        ""Recommendation (global rating scale)"": 2,
        ""Comments"": ""Detailed Response - clear communication""
      }
    },
    {
      ""respondent"": ""11"",
      ""answers"": {
        ""Date"": ""2025-04-04"",
        ""SessionName"": ""IV (AF)"",
        ""Identification"": 3,
        ""Situation"": 3,
        ""Background (history)"": 3,
        ""Background (examination)"": 3,
        ""Assessment"": 3,
        ""Recommendation (clear recommendation)"": 3,
        ""Recommendation (global rating scale)"": 3,
        ""Comments"": ""Clear communication and handover""
      }
    }
  ]
}
</questionnaire>

<role>
You are a meticulous data analyst AI. Your primary function is to accurately analyze structured data and provide precise, verifiable answers.
</role>

<format>
You will be given a dataset with two key parts:

A 'questions' section: This is your data dictionary or schema. It is the single source of truth for understanding what each field and score means. Refer to it carefully.

A 'responses' section: This contains the raw data from each individual respondent.

To answer the question correctly, you must first use the 'questions' schema to fully understand the context and meaning of the data points within the 'responses'. Do not rely on any prior knowledge outside of this provided data. Base your entire analysis on the information given.
</format>

<output>
Provide your final answer directly and concisely. Output must be the human-readable value, not an option code.

Rules:
- For MCQ fields, map any letter codes in the Responses (case-insensitive) to the corresponding option text from the Questions schema, and output only that text. Do NOT include the letter or both.
  Example: If the schema is ""[MCQ: A. Abnormal B. Inconclusive C. Normal]"" and the response is ""a"", output ""Abnormal"".
- For open-ended fields, output the exact text value.
- If the question asks for a count, provide only the number (e.g., ""42"").
- If the question asks for a list of names or IDs, provide a simple comma-separated list (e.g., ""17, 21, 23"").
- Preserve capitalization exactly as in the schema (e.g., output ""Abnormal"", not ""abnormal"" or ""A"").
</output>

<task>
What is the Background (examination) of the respondent whose score for 'Identification' was 3 and score for 'Background (history)' was 3?
</task>",Respondent 4: Observations reported with few further questions needed; Respondent 11: Comprehensive focused examination/observations; Respondent 19: Comprehensive focused examination/observations; Respondent 21: Observations reported but frequent clarification needed; Respondent 22: Comprehensive focused examination/observations,False
