case_id,task,question,questionnaire,expected_answer,prompt,Response,Correct,skip
case_6,answer_lookup,What is the billing amount of the patient with blood type = 'AB+' and medical condition = 'Diabetes'?,"""""""""""""""Survey Data
==================================================

Questions:
1. Age: What is your age? [Open-ended]
2. Gender: What is your gender? [MCQ: A. Female B. Male]
3. Blood Type: What is your blood type? [MCQ: A. A+ B. A- C. AB+ D. AB- E. B+ F. B- G. O+ H. O-]
4. Medical Condition: What is your medical condition? [MCQ: A. Arthritis B. Asthma C. Cancer D. Diabetes E. Hypertension F. Obesity]
5. Date of Admission: What is your date of admission? [Open-ended]
6. Doctor: What is your doctor? [Open-ended]
7. Hospital: What is your hospital? [Open-ended]
8. Insurance Provider: What is your insurance provider? [MCQ: A. Aetna B. Blue Cross C. Cigna D. Medicare E. UnitedHealthcare]
9. Billing Amount: What is your billing amount? [Open-ended]
10. Room Number: What is your room number? [Open-ended]
11. Admission Type: What is your admission type? [MCQ: A. Elective B. Emergency C. Urgent]
12. Discharge Date: What is your discharge date? [Open-ended]
13. Medication: What is your medication? [MCQ: A. Aspirin B. Ibuprofen C. Lipitor D. Paracetamol E. Penicillin]
14. Test Results: What is your test results? [MCQ: A. Abnormal B. Inconclusive C. Normal]

Responses:
--------------------

Respondent 148:
  Age: 20
  Gender: b
  Blood Type: g
  Medical Condition: e
  Date of Admission: 2023-08-17
  Doctor: DOC_148
  Hospital: HOSP_148
  Insurance Provider: e
  Billing Amount: 28838
  Room Number: 177
  Admission Type: c
  Discharge Date: 2023-10-12
  Medication: b
  Test Results: a

Respondent 50:
  Age: 79
  Gender: b
  Blood Type: a
  Medical Condition: d
  Date of Admission: 2021-05-23
  Doctor: DOC_50
  Hospital: HOSP_50
  Insurance Provider: a
  Billing Amount: 5517
  Room Number: 440
  Admission Type: a
  Discharge Date: 2021-05-10
  Medication: c
  Test Results: b

Respondent 18:
  Age: 19
  Gender: b
  Blood Type: e
  Medical Condition: e
  Date of Admission: 2019-08-18
  Doctor: DOC_18
  Hospital: HOSP_18
  Insurance Provider: b
  Billing Amount: 12263
  Room Number: 109
  Admission Type: b
  Discharge Date: 2019-11-22
  Medication: a
  Test Results: a

Respondent 12:
  Age: 20
  Gender: b
  Blood Type: c
  Medical Condition: d
  Date of Admission: 2024-03-02
  Doctor: DOC_12
  Hospital: HOSP_12
  Insurance Provider: c
  Billing Amount: 45820
  Room Number: 428
  Admission Type: b
  Discharge Date: 2024-05-04
  Medication: b
  Test Results: b

Respondent 59:
  Age: 52
  Gender: a
  Blood Type: h
  Medical Condition: f
  Date of Admission: 2020-05-30
  Doctor: DOC_59
  Hospital: HOSP_59
  Insurance Provider: e
  Billing Amount: 40702
  Room Number: 115
  Admission Type: c
  Discharge Date: 2020-09-06
  Medication: d
  Test Results: c

Respondent 75:
  Age: 57
  Gender: a
  Blood Type: f
  Medical Condition: f
  Date of Admission: 2021-02-12
  Doctor: DOC_75
  Hospital: HOSP_75
  Insurance Provider: d
  Billing Amount: 33208
  Room Number: 285
  Admission Type: c
  Discharge Date: 2021-01-26
  Medication: e
  Test Results: a

Respondent 21:
  Age: 57
  Gender: b
  Blood Type: e
  Medical Condition: a
  Date of Admission: 2021-11-13
  Doctor: DOC_21
  Hospital: HOSP_21
  Insurance Provider: e
  Billing Amount: 45586
  Room Number: 251
  Admission Type: b
  Discharge Date: 2021-08-19
  Medication: e
  Test Results: b

Respondent 60:
  Age: 26
  Gender: b
  Blood Type: e
  Medical Condition: b
  Date of Admission: 2024-03-24
  Doctor: DOC_60
  Hospital: HOSP_60
  Insurance Provider: e
  Billing Amount: 37735
  Room Number: 494
  Admission Type: b
  Discharge Date: 2024-04-14
  Medication: e
  Test Results: c

Respondent 26:
  Age: 48
  Gender: a
  Blood Type: c
  Medical Condition: d
  Date of Admission: 2020-05-04
  Doctor: DOC_26
  Hospital: HOSP_26
  Insurance Provider: d
  Billing Amount: 23737
  Room Number: 241
  Admission Type: a
  Discharge Date: 2020-07-14
  Medication: b
  Test Results: a

Respondent 98:
  Age: 34
  Gender: a
  Blood Type: e
  Medical Condition: b
  Date of Admission: 2021-04-17
  Doctor: DOC_98
  Hospital: HOSP_98
  Insurance Provider: e
  Billing Amount: 24637
  Room Number: 316
  Admission Type: a
  Discharge Date: 2021-03-11
  Medication: b
  Test Results: c

""""""""""""""",45820,"""""""""""""""<example>
What is the age of the patient with admission type = 'Emergency' and discharge date = '2021-03-05'?

DATA:

Survey Data
==================================================

Questions:
1. Age: What is your age? [Open-ended]
2. Gender: What is your gender? [MCQ: A. Female B. Male]
3. Blood Type: What is your blood type? [MCQ: A. A+ B. A- C. AB+ D. AB- E. B+ F. B- G. O+ H. O-]
4. Medical Condition: What is your medical condition? [MCQ: A. Arthritis B. Asthma C. Cancer D. Diabetes E. Hypertension F. Obesity]
5. Date of Admission: What is your date of admission? [Open-ended]
6. Doctor: What is your doctor? [Open-ended]
7. Hospital: What is your hospital? [Open-ended]
8. Insurance Provider: What is your insurance provider? [MCQ: A. Aetna B. Blue Cross C. Cigna D. Medicare E. UnitedHealthcare]
9. Billing Amount: What is your billing amount? [Open-ended]
10. Room Number: What is your room number? [Open-ended]
11. Admission Type: What is your admission type? [MCQ: A. Elective B. Emergency C. Urgent]
12. Discharge Date: What is your discharge date? [Open-ended]
13. Medication: What is your medication? [MCQ: A. Aspirin B. Ibuprofen C. Lipitor D. Paracetamol E. Penicillin]
14. Test Results: What is your test results? [MCQ: A. Abnormal B. Inconclusive C. Normal]

Responses:
--------------------

Respondent 148:
  Age: 20
  Gender: b
  Blood Type: g
  Medical Condition: e
  Date of Admission: 2023-08-17
  Doctor: DOC_148
  Hospital: HOSP_148
  Insurance Provider: e
  Billing Amount: 28838
  Room Number: 177
  Admission Type: c
  Discharge Date: 2023-10-12
  Medication: b
  Test Results: a

Respondent 50:
  Age: 79
  Gender: b
  Blood Type: a
  Medical Condition: d
  Date of Admission: 2021-05-23
  Doctor: DOC_50
  Hospital: HOSP_50
  Insurance Provider: a
  Billing Amount: 5517
  Room Number: 440
  Admission Type: a
  Discharge Date: 2021-05-10
  Medication: c
  Test Results: b

Respondent 18:
  Age: 19
  Gender: b
  Blood Type: e
  Medical Condition: e
  Date of Admission: 2019-08-18
  Doctor: DOC_18
  Hospital: HOSP_18
  Insurance Provider: b
  Billing Amount: 12263
  Room Number: 109
  Admission Type: b
  Discharge Date: 2019-11-22
  Medication: a
  Test Results: a

Respondent 12:
  Age: 20
  Gender: b
  Blood Type: c
  Medical Condition: d
  Date of Admission: 2024-03-02
  Doctor: DOC_12
  Hospital: HOSP_12
  Insurance Provider: c
  Billing Amount: 45820
  Room Number: 428
  Admission Type: b
  Discharge Date: 2024-05-04
  Medication: b
  Test Results: b

Respondent 59:
  Age: 52
  Gender: a
  Blood Type: h
  Medical Condition: f
  Date of Admission: 2020-05-30
  Doctor: DOC_59
  Hospital: HOSP_59
  Insurance Provider: e
  Billing Amount: 40702
  Room Number: 115
  Admission Type: c
  Discharge Date: 2020-09-06
  Medication: d
  Test Results: c

Respondent 75:
  Age: 57
  Gender: a
  Blood Type: f
  Medical Condition: f
  Date of Admission: 2021-02-12
  Doctor: DOC_75
  Hospital: HOSP_75
  Insurance Provider: d
  Billing Amount: 33208
  Room Number: 285
  Admission Type: c
  Discharge Date: 2021-01-26
  Medication: e
  Test Results: a

Respondent 21:
  Age: 57
  Gender: b
  Blood Type: e
  Medical Condition: a
  Date of Admission: 2021-11-13
  Doctor: DOC_21
  Hospital: HOSP_21
  Insurance Provider: e
  Billing Amount: 45586
  Room Number: 251
  Admission Type: b
  Discharge Date: 2021-08-19
  Medication: e
  Test Results: b

Respondent 60:
  Age: 26
  Gender: b
  Blood Type: e
  Medical Condition: b
  Date of Admission: 2024-03-24
  Doctor: DOC_60
  Hospital: HOSP_60
  Insurance Provider: e
  Billing Amount: 37735
  Room Number: 494
  Admission Type: b
  Discharge Date: 2024-04-14
  Medication: e
  Test Results: c

Respondent 26:
  Age: 48
  Gender: a
  Blood Type: c
  Medical Condition: d
  Date of Admission: 2020-05-04
  Doctor: DOC_26
  Hospital: HOSP_26
  Insurance Provider: d
  Billing Amount: 23737
  Room Number: 241
  Admission Type: a
  Discharge Date: 2020-07-14
  Medication: b
  Test Results: a

Respondent 98:
  Age: 34
  Gender: a
  Blood Type: e
  Medical Condition: b
  Date of Admission: 2021-04-17
  Doctor: DOC_98
  Hospital: HOSP_98
  Insurance Provider: e
  Billing Amount: 24637
  Room Number: 316
  Admission Type: a
  Discharge Date: 2021-03-11
  Medication: b
  Test Results: c



Answer: 57
</example>

<questionnaire>
Survey Data
==================================================

Questions:
1. Age: What is your age? [Open-ended]
2. Gender: What is your gender? [MCQ: A. Female B. Male]
3. Blood Type: What is your blood type? [MCQ: A. A+ B. A- C. AB+ D. AB- E. B+ F. B- G. O+ H. O-]
4. Medical Condition: What is your medical condition? [MCQ: A. Arthritis B. Asthma C. Cancer D. Diabetes E. Hypertension F. Obesity]
5. Date of Admission: What is your date of admission? [Open-ended]
6. Doctor: What is your doctor? [Open-ended]
7. Hospital: What is your hospital? [Open-ended]
8. Insurance Provider: What is your insurance provider? [MCQ: A. Aetna B. Blue Cross C. Cigna D. Medicare E. UnitedHealthcare]
9. Billing Amount: What is your billing amount? [Open-ended]
10. Room Number: What is your room number? [Open-ended]
11. Admission Type: What is your admission type? [MCQ: A. Elective B. Emergency C. Urgent]
12. Discharge Date: What is your discharge date? [Open-ended]
13. Medication: What is your medication? [MCQ: A. Aspirin B. Ibuprofen C. Lipitor D. Paracetamol E. Penicillin]
14. Test Results: What is your test results? [MCQ: A. Abnormal B. Inconclusive C. Normal]

Responses:
--------------------

Respondent 148:
  Age: 20
  Gender: b
  Blood Type: g
  Medical Condition: e
  Date of Admission: 2023-08-17
  Doctor: DOC_148
  Hospital: HOSP_148
  Insurance Provider: e
  Billing Amount: 28838
  Room Number: 177
  Admission Type: c
  Discharge Date: 2023-10-12
  Medication: b
  Test Results: a

Respondent 50:
  Age: 79
  Gender: b
  Blood Type: a
  Medical Condition: d
  Date of Admission: 2021-05-23
  Doctor: DOC_50
  Hospital: HOSP_50
  Insurance Provider: a
  Billing Amount: 5517
  Room Number: 440
  Admission Type: a
  Discharge Date: 2021-05-10
  Medication: c
  Test Results: b

Respondent 18:
  Age: 19
  Gender: b
  Blood Type: e
  Medical Condition: e
  Date of Admission: 2019-08-18
  Doctor: DOC_18
  Hospital: HOSP_18
  Insurance Provider: b
  Billing Amount: 12263
  Room Number: 109
  Admission Type: b
  Discharge Date: 2019-11-22
  Medication: a
  Test Results: a

Respondent 12:
  Age: 20
  Gender: b
  Blood Type: c
  Medical Condition: d
  Date of Admission: 2024-03-02
  Doctor: DOC_12
  Hospital: HOSP_12
  Insurance Provider: c
  Billing Amount: 45820
  Room Number: 428
  Admission Type: b
  Discharge Date: 2024-05-04
  Medication: b
  Test Results: b

Respondent 59:
  Age: 52
  Gender: a
  Blood Type: h
  Medical Condition: f
  Date of Admission: 2020-05-30
  Doctor: DOC_59
  Hospital: HOSP_59
  Insurance Provider: e
  Billing Amount: 40702
  Room Number: 115
  Admission Type: c
  Discharge Date: 2020-09-06
  Medication: d
  Test Results: c

Respondent 75:
  Age: 57
  Gender: a
  Blood Type: f
  Medical Condition: f
  Date of Admission: 2021-02-12
  Doctor: DOC_75
  Hospital: HOSP_75
  Insurance Provider: d
  Billing Amount: 33208
  Room Number: 285
  Admission Type: c
  Discharge Date: 2021-01-26
  Medication: e
  Test Results: a

Respondent 21:
  Age: 57
  Gender: b
  Blood Type: e
  Medical Condition: a
  Date of Admission: 2021-11-13
  Doctor: DOC_21
  Hospital: HOSP_21
  Insurance Provider: e
  Billing Amount: 45586
  Room Number: 251
  Admission Type: b
  Discharge Date: 2021-08-19
  Medication: e
  Test Results: b

Respondent 60:
  Age: 26
  Gender: b
  Blood Type: e
  Medical Condition: b
  Date of Admission: 2024-03-24
  Doctor: DOC_60
  Hospital: HOSP_60
  Insurance Provider: e
  Billing Amount: 37735
  Room Number: 494
  Admission Type: b
  Discharge Date: 2024-04-14
  Medication: e
  Test Results: c

Respondent 26:
  Age: 48
  Gender: a
  Blood Type: c
  Medical Condition: d
  Date of Admission: 2020-05-04
  Doctor: DOC_26
  Hospital: HOSP_26
  Insurance Provider: d
  Billing Amount: 23737
  Room Number: 241
  Admission Type: a
  Discharge Date: 2020-07-14
  Medication: b
  Test Results: a

Respondent 98:
  Age: 34
  Gender: a
  Blood Type: e
  Medical Condition: b
  Date of Admission: 2021-04-17
  Doctor: DOC_98
  Hospital: HOSP_98
  Insurance Provider: e
  Billing Amount: 24637
  Room Number: 316
  Admission Type: a
  Discharge Date: 2021-03-11
  Medication: b
  Test Results: c


</questionnaire>

<role>
You are a meticulous data analyst AI. Your primary function is to accurately analyze structured data and provide precise, verifiable answers.
</role>

<format>
You will be given a dataset with two key parts:

A 'questions' section: This is your data dictionary or schema. It is the single source of truth for understanding what each field and score means. Refer to it carefully.

A 'responses' section: This contains the raw data from each individual respondent.

To answer the question correctly, you must first use the 'questions' schema to fully understand the context and meaning of the data points within the 'responses'. Do not rely on any prior knowledge outside of this provided data. Base your entire analysis on the information given.
</format>

<output>
Provide your final answer directly and concisely. Output must be the human-readable value, not an option code.

Rules:
- For MCQ fields, map any letter codes in the Responses (case-insensitive) to the corresponding option text from the Questions schema, and output only that text. Do NOT include the letter or both.
  Example: If the schema is """"""""""""""""[MCQ: A. Abnormal B. Inconclusive C. Normal]"""""""""""""""" and the response is """"""""""""""""a"""""""""""""""", output """"""""""""""""Abnormal"""""""""""""""".
- For open-ended fields, output the exact text value.
- If the question asks for a count, provide only the number (e.g., """"""""""""""""42"""""""""""""""").
- If the question asks for a list of names or IDs, provide a simple comma-separated list (e.g., """"""""""""""""17, 21, 23"""""""""""""""").
- Preserve capitalization exactly as in the schema (e.g., output """"""""""""""""Abnormal"""""""""""""""", not """"""""""""""""abnormal"""""""""""""""" or """"""""""""""""A"""""""""""""""").
</output>

<task>
What is the billing amount of the patient with blood type = 'AB+' and medical condition = 'Diabetes'?
</task>""""""""""""""","23737""",False,FALSE
case_41,answer_lookup,What is the blood type of the patient whose billing amount is the highest above the average billing amount for all patients with gender = 'Female' in this case?,"""""""""""""""Survey Data
==================================================

Questions:
1. Age: What is your age? [Open-ended]
2. Gender: What is your gender? [MCQ: A. Female B. Male]
3. Blood Type: What is your blood type? [MCQ: A. A+ B. A- C. AB+ D. AB- E. B+ F. B- G. O+ H. O-]
4. Medical Condition: What is your medical condition? [MCQ: A. Arthritis B. Asthma C. Cancer D. Diabetes E. Hypertension F. Obesity]
5. Date of Admission: What is your date of admission? [Open-ended]
6. Doctor: What is your doctor? [Open-ended]
7. Hospital: What is your hospital? [Open-ended]
8. Insurance Provider: What is your insurance provider? [MCQ: A. Aetna B. Blue Cross C. Cigna D. Medicare E. UnitedHealthcare]
9. Billing Amount: What is your billing amount? [Open-ended]
10. Room Number: What is your room number? [Open-ended]
11. Admission Type: What is your admission type? [MCQ: A. Elective B. Emergency C. Urgent]
12. Discharge Date: What is your discharge date? [Open-ended]
13. Medication: What is your medication? [MCQ: A. Aspirin B. Ibuprofen C. Lipitor D. Paracetamol E. Penicillin]
14. Test Results: What is your test results? [MCQ: A. Abnormal B. Inconclusive C. Normal]

Responses:
--------------------

Respondent 144:
  Age: 44
  Gender: a
  Blood Type: a
  Medical Condition: c
  Date of Admission: 2022-09-22
  Doctor: DOC_144
  Hospital: HOSP_144
  Insurance Provider: a
  Billing Amount: 16320
  Room Number: 465
  Admission Type: c
  Discharge Date: 2022-11-07
  Medication: e
  Test Results: a

Respondent 105:
  Age: 54
  Gender: b
  Blood Type: e
  Medical Condition: c
  Date of Admission: 2023-05-18
  Doctor: DOC_105
  Hospital: HOSP_105
  Insurance Provider: e
  Billing Amount: 29504
  Room Number: 233
  Admission Type: a
  Discharge Date: 2023-06-03
  Medication: b
  Test Results: a

Respondent 40:
  Age: 37
  Gender: a
  Blood Type: c
  Medical Condition: b
  Date of Admission: 2020-03-02
  Doctor: DOC_40
  Hospital: HOSP_40
  Insurance Provider: d
  Billing Amount: 17696
  Room Number: 380
  Admission Type: a
  Discharge Date: 2020-04-02
  Medication: b
  Test Results: a

Respondent 61:
  Age: 63
  Gender: b
  Blood Type: e
  Medical Condition: b
  Date of Admission: 2023-01-01
  Doctor: DOC_61
  Hospital: HOSP_61
  Insurance Provider: c
  Billing Amount: 23500
  Room Number: 478
  Admission Type: a
  Discharge Date: 2022-11-25
  Medication: e
  Test Results: a

Respondent 42:
  Age: 76
  Gender: a
  Blood Type: g
  Medical Condition: c
  Date of Admission: 2019-08-16
  Doctor: DOC_42
  Hospital: HOSP_42
  Insurance Provider: c
  Billing Amount: 14362
  Room Number: 152
  Admission Type: c
  Discharge Date: 2019-08-05
  Medication: b
  Test Results: a

Respondent 46:
  Age: 22
  Gender: a
  Blood Type: b
  Medical Condition: a
  Date of Admission: 2023-12-20
  Doctor: DOC_46
  Hospital: HOSP_46
  Insurance Provider: b
  Billing Amount: 42697
  Room Number: 108
  Admission Type: c
  Discharge Date: 2023-10-27
  Medication: e
  Test Results: c

Respondent 106:
  Age: 19
  Gender: b
  Blood Type: e
  Medical Condition: c
  Date of Admission: 2020-11-18
  Doctor: DOC_106
  Hospital: HOSP_106
  Insurance Provider: e
  Billing Amount: 47909
  Room Number: 309
  Admission Type: a
  Discharge Date: 2021-01-16
  Medication: c
  Test Results: b

Respondent 7:
  Age: 57
  Gender: b
  Blood Type: f
  Medical Condition: d
  Date of Admission: 2021-03-05
  Doctor: DOC_07
  Hospital: HOSP_07
  Insurance Provider: c
  Billing Amount: 34758
  Room Number: 368
  Admission Type: b
  Discharge Date: 2021-03-05
  Medication: a
  Test Results: c

Respondent 86:
  Age: 80
  Gender: a
  Blood Type: a
  Medical Condition: e
  Date of Admission: 2021-12-19
  Doctor: DOC_86
  Hospital: HOSP_86
  Insurance Provider: d
  Billing Amount: 21784
  Room Number: 302
  Admission Type: a
  Discharge Date: 2021-10-14
  Medication: b
  Test Results: c

Respondent 64:
  Age: 74
  Gender: a
  Blood Type: a
  Medical Condition: d
  Date of Admission: 2019-12-09
  Doctor: DOC_64
  Hospital: HOSP_64
  Insurance Provider: c
  Billing Amount: 45354
  Room Number: 135
  Admission Type: a
  Discharge Date: 2020-02-09
  Medication: e
  Test Results: a

""""""""""""""",A+,"""""""""""""""<example>
What is the age of the patient with admission type = 'Emergency' and discharge date = '2021-03-05'?

DATA:

Survey Data
==================================================

Questions:
1. Age: What is your age? [Open-ended]
2. Gender: What is your gender? [MCQ: A. Female B. Male]
3. Blood Type: What is your blood type? [MCQ: A. A+ B. A- C. AB+ D. AB- E. B+ F. B- G. O+ H. O-]
4. Medical Condition: What is your medical condition? [MCQ: A. Arthritis B. Asthma C. Cancer D. Diabetes E. Hypertension F. Obesity]
5. Date of Admission: What is your date of admission? [Open-ended]
6. Doctor: What is your doctor? [Open-ended]
7. Hospital: What is your hospital? [Open-ended]
8. Insurance Provider: What is your insurance provider? [MCQ: A. Aetna B. Blue Cross C. Cigna D. Medicare E. UnitedHealthcare]
9. Billing Amount: What is your billing amount? [Open-ended]
10. Room Number: What is your room number? [Open-ended]
11. Admission Type: What is your admission type? [MCQ: A. Elective B. Emergency C. Urgent]
12. Discharge Date: What is your discharge date? [Open-ended]
13. Medication: What is your medication? [MCQ: A. Aspirin B. Ibuprofen C. Lipitor D. Paracetamol E. Penicillin]
14. Test Results: What is your test results? [MCQ: A. Abnormal B. Inconclusive C. Normal]

Responses:
--------------------

Respondent 144:
  Age: 44
  Gender: a
  Blood Type: a
  Medical Condition: c
  Date of Admission: 2022-09-22
  Doctor: DOC_144
  Hospital: HOSP_144
  Insurance Provider: a
  Billing Amount: 16320
  Room Number: 465
  Admission Type: c
  Discharge Date: 2022-11-07
  Medication: e
  Test Results: a

Respondent 105:
  Age: 54
  Gender: b
  Blood Type: e
  Medical Condition: c
  Date of Admission: 2023-05-18
  Doctor: DOC_105
  Hospital: HOSP_105
  Insurance Provider: e
  Billing Amount: 29504
  Room Number: 233
  Admission Type: a
  Discharge Date: 2023-06-03
  Medication: b
  Test Results: a

Respondent 40:
  Age: 37
  Gender: a
  Blood Type: c
  Medical Condition: b
  Date of Admission: 2020-03-02
  Doctor: DOC_40
  Hospital: HOSP_40
  Insurance Provider: d
  Billing Amount: 17696
  Room Number: 380
  Admission Type: a
  Discharge Date: 2020-04-02
  Medication: b
  Test Results: a

Respondent 61:
  Age: 63
  Gender: b
  Blood Type: e
  Medical Condition: b
  Date of Admission: 2023-01-01
  Doctor: DOC_61
  Hospital: HOSP_61
  Insurance Provider: c
  Billing Amount: 23500
  Room Number: 478
  Admission Type: a
  Discharge Date: 2022-11-25
  Medication: e
  Test Results: a

Respondent 42:
  Age: 76
  Gender: a
  Blood Type: g
  Medical Condition: c
  Date of Admission: 2019-08-16
  Doctor: DOC_42
  Hospital: HOSP_42
  Insurance Provider: c
  Billing Amount: 14362
  Room Number: 152
  Admission Type: c
  Discharge Date: 2019-08-05
  Medication: b
  Test Results: a

Respondent 46:
  Age: 22
  Gender: a
  Blood Type: b
  Medical Condition: a
  Date of Admission: 2023-12-20
  Doctor: DOC_46
  Hospital: HOSP_46
  Insurance Provider: b
  Billing Amount: 42697
  Room Number: 108
  Admission Type: c
  Discharge Date: 2023-10-27
  Medication: e
  Test Results: c

Respondent 106:
  Age: 19
  Gender: b
  Blood Type: e
  Medical Condition: c
  Date of Admission: 2020-11-18
  Doctor: DOC_106
  Hospital: HOSP_106
  Insurance Provider: e
  Billing Amount: 47909
  Room Number: 309
  Admission Type: a
  Discharge Date: 2021-01-16
  Medication: c
  Test Results: b

Respondent 7:
  Age: 57
  Gender: b
  Blood Type: f
  Medical Condition: d
  Date of Admission: 2021-03-05
  Doctor: DOC_07
  Hospital: HOSP_07
  Insurance Provider: c
  Billing Amount: 34758
  Room Number: 368
  Admission Type: b
  Discharge Date: 2021-03-05
  Medication: a
  Test Results: c

Respondent 86:
  Age: 80
  Gender: a
  Blood Type: a
  Medical Condition: e
  Date of Admission: 2021-12-19
  Doctor: DOC_86
  Hospital: HOSP_86
  Insurance Provider: d
  Billing Amount: 21784
  Room Number: 302
  Admission Type: a
  Discharge Date: 2021-10-14
  Medication: b
  Test Results: c

Respondent 64:
  Age: 74
  Gender: a
  Blood Type: a
  Medical Condition: d
  Date of Admission: 2019-12-09
  Doctor: DOC_64
  Hospital: HOSP_64
  Insurance Provider: c
  Billing Amount: 45354
  Room Number: 135
  Admission Type: a
  Discharge Date: 2020-02-09
  Medication: e
  Test Results: a



Answer: 57
</example>

<questionnaire>
Survey Data
==================================================

Questions:
1. Age: What is your age? [Open-ended]
2. Gender: What is your gender? [MCQ: A. Female B. Male]
3. Blood Type: What is your blood type? [MCQ: A. A+ B. A- C. AB+ D. AB- E. B+ F. B- G. O+ H. O-]
4. Medical Condition: What is your medical condition? [MCQ: A. Arthritis B. Asthma C. Cancer D. Diabetes E. Hypertension F. Obesity]
5. Date of Admission: What is your date of admission? [Open-ended]
6. Doctor: What is your doctor? [Open-ended]
7. Hospital: What is your hospital? [Open-ended]
8. Insurance Provider: What is your insurance provider? [MCQ: A. Aetna B. Blue Cross C. Cigna D. Medicare E. UnitedHealthcare]
9. Billing Amount: What is your billing amount? [Open-ended]
10. Room Number: What is your room number? [Open-ended]
11. Admission Type: What is your admission type? [MCQ: A. Elective B. Emergency C. Urgent]
12. Discharge Date: What is your discharge date? [Open-ended]
13. Medication: What is your medication? [MCQ: A. Aspirin B. Ibuprofen C. Lipitor D. Paracetamol E. Penicillin]
14. Test Results: What is your test results? [MCQ: A. Abnormal B. Inconclusive C. Normal]

Responses:
--------------------

Respondent 144:
  Age: 44
  Gender: a
  Blood Type: a
  Medical Condition: c
  Date of Admission: 2022-09-22
  Doctor: DOC_144
  Hospital: HOSP_144
  Insurance Provider: a
  Billing Amount: 16320
  Room Number: 465
  Admission Type: c
  Discharge Date: 2022-11-07
  Medication: e
  Test Results: a

Respondent 105:
  Age: 54
  Gender: b
  Blood Type: e
  Medical Condition: c
  Date of Admission: 2023-05-18
  Doctor: DOC_105
  Hospital: HOSP_105
  Insurance Provider: e
  Billing Amount: 29504
  Room Number: 233
  Admission Type: a
  Discharge Date: 2023-06-03
  Medication: b
  Test Results: a

Respondent 40:
  Age: 37
  Gender: a
  Blood Type: c
  Medical Condition: b
  Date of Admission: 2020-03-02
  Doctor: DOC_40
  Hospital: HOSP_40
  Insurance Provider: d
  Billing Amount: 17696
  Room Number: 380
  Admission Type: a
  Discharge Date: 2020-04-02
  Medication: b
  Test Results: a

Respondent 61:
  Age: 63
  Gender: b
  Blood Type: e
  Medical Condition: b
  Date of Admission: 2023-01-01
  Doctor: DOC_61
  Hospital: HOSP_61
  Insurance Provider: c
  Billing Amount: 23500
  Room Number: 478
  Admission Type: a
  Discharge Date: 2022-11-25
  Medication: e
  Test Results: a

Respondent 42:
  Age: 76
  Gender: a
  Blood Type: g
  Medical Condition: c
  Date of Admission: 2019-08-16
  Doctor: DOC_42
  Hospital: HOSP_42
  Insurance Provider: c
  Billing Amount: 14362
  Room Number: 152
  Admission Type: c
  Discharge Date: 2019-08-05
  Medication: b
  Test Results: a

Respondent 46:
  Age: 22
  Gender: a
  Blood Type: b
  Medical Condition: a
  Date of Admission: 2023-12-20
  Doctor: DOC_46
  Hospital: HOSP_46
  Insurance Provider: b
  Billing Amount: 42697
  Room Number: 108
  Admission Type: c
  Discharge Date: 2023-10-27
  Medication: e
  Test Results: c

Respondent 106:
  Age: 19
  Gender: b
  Blood Type: e
  Medical Condition: c
  Date of Admission: 2020-11-18
  Doctor: DOC_106
  Hospital: HOSP_106
  Insurance Provider: e
  Billing Amount: 47909
  Room Number: 309
  Admission Type: a
  Discharge Date: 2021-01-16
  Medication: c
  Test Results: b

Respondent 7:
  Age: 57
  Gender: b
  Blood Type: f
  Medical Condition: d
  Date of Admission: 2021-03-05
  Doctor: DOC_07
  Hospital: HOSP_07
  Insurance Provider: c
  Billing Amount: 34758
  Room Number: 368
  Admission Type: b
  Discharge Date: 2021-03-05
  Medication: a
  Test Results: c

Respondent 86:
  Age: 80
  Gender: a
  Blood Type: a
  Medical Condition: e
  Date of Admission: 2021-12-19
  Doctor: DOC_86
  Hospital: HOSP_86
  Insurance Provider: d
  Billing Amount: 21784
  Room Number: 302
  Admission Type: a
  Discharge Date: 2021-10-14
  Medication: b
  Test Results: c

Respondent 64:
  Age: 74
  Gender: a
  Blood Type: a
  Medical Condition: d
  Date of Admission: 2019-12-09
  Doctor: DOC_64
  Hospital: HOSP_64
  Insurance Provider: c
  Billing Amount: 45354
  Room Number: 135
  Admission Type: a
  Discharge Date: 2020-02-09
  Medication: e
  Test Results: a


</questionnaire>

<role>
You are a meticulous data analyst AI. Your primary function is to accurately analyze structured data and provide precise, verifiable answers.
</role>

<format>
You will be given a dataset with two key parts:

A 'questions' section: This is your data dictionary or schema. It is the single source of truth for understanding what each field and score means. Refer to it carefully.

A 'responses' section: This contains the raw data from each individual respondent.

To answer the question correctly, you must first use the 'questions' schema to fully understand the context and meaning of the data points within the 'responses'. Do not rely on any prior knowledge outside of this provided data. Base your entire analysis on the information given.
</format>

<output>
Provide your final answer directly and concisely. Output must be the human-readable value, not an option code.

Rules:
- For MCQ fields, map any letter codes in the Responses (case-insensitive) to the corresponding option text from the Questions schema, and output only that text. Do NOT include the letter or both.
  Example: If the schema is """"""""""""""""[MCQ: A. Abnormal B. Inconclusive C. Normal]"""""""""""""""" and the response is """"""""""""""""a"""""""""""""""", output """"""""""""""""Abnormal"""""""""""""""".
- For open-ended fields, output the exact text value.
- If the question asks for a count, provide only the number (e.g., """"""""""""""""42"""""""""""""""").
- If the question asks for a list of names or IDs, provide a simple comma-separated list (e.g., """"""""""""""""17, 21, 23"""""""""""""""").
- Preserve capitalization exactly as in the schema (e.g., output """"""""""""""""Abnormal"""""""""""""""", not """"""""""""""""abnormal"""""""""""""""" or """"""""""""""""A"""""""""""""""").
</output>

<task>
What is the blood type of the patient whose billing amount is the highest above the average billing amount for all patients with gender = 'Female' in this case?
</task>""""""""""""""",B+,False,FALSE
case_46,answer_lookup,What is the age of the patient whose billing amount is the highest above the average billing amount for all patients with blood type = 'AB-' in this case?,"""""""""""""""Survey Data
==================================================

Questions:
1. Age: What is your age? [Open-ended]
2. Gender: What is your gender? [MCQ: A. Female B. Male]
3. Blood Type: What is your blood type? [MCQ: A. A+ B. A- C. AB+ D. AB- E. B+ F. B- G. O+ H. O-]
4. Medical Condition: What is your medical condition? [MCQ: A. Arthritis B. Asthma C. Cancer D. Diabetes E. Hypertension F. Obesity]
5. Date of Admission: What is your date of admission? [Open-ended]
6. Doctor: What is your doctor? [Open-ended]
7. Hospital: What is your hospital? [Open-ended]
8. Insurance Provider: What is your insurance provider? [MCQ: A. Aetna B. Blue Cross C. Cigna D. Medicare E. UnitedHealthcare]
9. Billing Amount: What is your billing amount? [Open-ended]
10. Room Number: What is your room number? [Open-ended]
11. Admission Type: What is your admission type? [MCQ: A. Elective B. Emergency C. Urgent]
12. Discharge Date: What is your discharge date? [Open-ended]
13. Medication: What is your medication? [MCQ: A. Aspirin B. Ibuprofen C. Lipitor D. Paracetamol E. Penicillin]
14. Test Results: What is your test results? [MCQ: A. Abnormal B. Inconclusive C. Normal]

Responses:
--------------------

Respondent 94:
  Age: 81
  Gender: a
  Blood Type: d
  Medical Condition: c
  Date of Admission: 2020-08-26
  Doctor: DOC_94
  Hospital: HOSP_94
  Insurance Provider: d
  Billing Amount: 40134
  Room Number: 327
  Admission Type: c
  Discharge Date: 2020-11-17
  Medication: e
  Test Results: a

Respondent 111:
  Age: 19
  Gender: a
  Blood Type: d
  Medical Condition: a
  Date of Admission: 2022-03-12
  Doctor: DOC_111
  Hospital: HOSP_111
  Insurance Provider: a
  Billing Amount: 3126
  Room Number: 249
  Admission Type: b
  Discharge Date: 2022-06-24
  Medication: a
  Test Results: b

Respondent 18:
  Age: 19
  Gender: b
  Blood Type: e
  Medical Condition: e
  Date of Admission: 2019-08-18
  Doctor: DOC_18
  Hospital: HOSP_18
  Insurance Provider: b
  Billing Amount: 12263
  Room Number: 109
  Admission Type: b
  Discharge Date: 2019-11-22
  Medication: a
  Test Results: a

Respondent 85:
  Age: 67
  Gender: b
  Blood Type: g
  Medical Condition: c
  Date of Admission: 2022-10-29
  Doctor: DOC_85
  Hospital: HOSP_85
  Insurance Provider: d
  Billing Amount: 44940
  Room Number: 293
  Admission Type: b
  Discharge Date: 2022-11-20
  Medication: e
  Test Results: c

Respondent 81:
  Age: 42
  Gender: a
  Blood Type: h
  Medical Condition: c
  Date of Admission: 2019-06-02
  Doctor: DOC_81
  Hospital: HOSP_81
  Insurance Provider: a
  Billing Amount: 14681
  Room Number: 234
  Admission Type: b
  Discharge Date: 2019-07-29
  Medication: b
  Test Results: a

Respondent 32:
  Age: 28
  Gender: b
  Blood Type: a
  Medical Condition: e
  Date of Admission: 2024-01-15
  Doctor: DOC_32
  Hospital: HOSP_32
  Insurance Provider: e
  Billing Amount: 39723
  Room Number: 500
  Admission Type: c
  Discharge Date: 2024-02-24
  Medication: c
  Test Results: b

Respondent 77:
  Age: 59
  Gender: b
  Blood Type: b
  Medical Condition: b
  Date of Admission: 2024-04-05
  Doctor: DOC_77
  Hospital: HOSP_77
  Insurance Provider: e
  Billing Amount: 39958
  Room Number: 233
  Admission Type: b
  Discharge Date: 2024-02-10
  Medication: b
  Test Results: b

Respondent 130:
  Age: 30
  Gender: a
  Blood Type: g
  Medical Condition: d
  Date of Admission: 2020-12-04
  Doctor: DOC_130
  Hospital: HOSP_130
  Insurance Provider: d
  Billing Amount: 34618
  Room Number: 449
  Admission Type: a
  Discharge Date: 2021-01-29
  Medication: b
  Test Results: a

""""""""""""""",81,"""""""""""""""<example>
What is the age of the patient with admission type = 'Emergency' and discharge date = '2021-03-05'?

DATA:

Survey Data
==================================================

Questions:
1. Age: What is your age? [Open-ended]
2. Gender: What is your gender? [MCQ: A. Female B. Male]
3. Blood Type: What is your blood type? [MCQ: A. A+ B. A- C. AB+ D. AB- E. B+ F. B- G. O+ H. O-]
4. Medical Condition: What is your medical condition? [MCQ: A. Arthritis B. Asthma C. Cancer D. Diabetes E. Hypertension F. Obesity]
5. Date of Admission: What is your date of admission? [Open-ended]
6. Doctor: What is your doctor? [Open-ended]
7. Hospital: What is your hospital? [Open-ended]
8. Insurance Provider: What is your insurance provider? [MCQ: A. Aetna B. Blue Cross C. Cigna D. Medicare E. UnitedHealthcare]
9. Billing Amount: What is your billing amount? [Open-ended]
10. Room Number: What is your room number? [Open-ended]
11. Admission Type: What is your admission type? [MCQ: A. Elective B. Emergency C. Urgent]
12. Discharge Date: What is your discharge date? [Open-ended]
13. Medication: What is your medication? [MCQ: A. Aspirin B. Ibuprofen C. Lipitor D. Paracetamol E. Penicillin]
14. Test Results: What is your test results? [MCQ: A. Abnormal B. Inconclusive C. Normal]

Responses:
--------------------

Respondent 94:
  Age: 81
  Gender: a
  Blood Type: d
  Medical Condition: c
  Date of Admission: 2020-08-26
  Doctor: DOC_94
  Hospital: HOSP_94
  Insurance Provider: d
  Billing Amount: 40134
  Room Number: 327
  Admission Type: c
  Discharge Date: 2020-11-17
  Medication: e
  Test Results: a

Respondent 111:
  Age: 19
  Gender: a
  Blood Type: d
  Medical Condition: a
  Date of Admission: 2022-03-12
  Doctor: DOC_111
  Hospital: HOSP_111
  Insurance Provider: a
  Billing Amount: 3126
  Room Number: 249
  Admission Type: b
  Discharge Date: 2022-06-24
  Medication: a
  Test Results: b

Respondent 18:
  Age: 19
  Gender: b
  Blood Type: e
  Medical Condition: e
  Date of Admission: 2019-08-18
  Doctor: DOC_18
  Hospital: HOSP_18
  Insurance Provider: b
  Billing Amount: 12263
  Room Number: 109
  Admission Type: b
  Discharge Date: 2019-11-22
  Medication: a
  Test Results: a

Respondent 85:
  Age: 67
  Gender: b
  Blood Type: g
  Medical Condition: c
  Date of Admission: 2022-10-29
  Doctor: DOC_85
  Hospital: HOSP_85
  Insurance Provider: d
  Billing Amount: 44940
  Room Number: 293
  Admission Type: b
  Discharge Date: 2022-11-20
  Medication: e
  Test Results: c

Respondent 81:
  Age: 42
  Gender: a
  Blood Type: h
  Medical Condition: c
  Date of Admission: 2019-06-02
  Doctor: DOC_81
  Hospital: HOSP_81
  Insurance Provider: a
  Billing Amount: 14681
  Room Number: 234
  Admission Type: b
  Discharge Date: 2019-07-29
  Medication: b
  Test Results: a

Respondent 32:
  Age: 28
  Gender: b
  Blood Type: a
  Medical Condition: e
  Date of Admission: 2024-01-15
  Doctor: DOC_32
  Hospital: HOSP_32
  Insurance Provider: e
  Billing Amount: 39723
  Room Number: 500
  Admission Type: c
  Discharge Date: 2024-02-24
  Medication: c
  Test Results: b

Respondent 77:
  Age: 59
  Gender: b
  Blood Type: b
  Medical Condition: b
  Date of Admission: 2024-04-05
  Doctor: DOC_77
  Hospital: HOSP_77
  Insurance Provider: e
  Billing Amount: 39958
  Room Number: 233
  Admission Type: b
  Discharge Date: 2024-02-10
  Medication: b
  Test Results: b

Respondent 130:
  Age: 30
  Gender: a
  Blood Type: g
  Medical Condition: d
  Date of Admission: 2020-12-04
  Doctor: DOC_130
  Hospital: HOSP_130
  Insurance Provider: d
  Billing Amount: 34618
  Room Number: 449
  Admission Type: a
  Discharge Date: 2021-01-29
  Medication: b
  Test Results: a



Answer: 57
</example>

<questionnaire>
Survey Data
==================================================

Questions:
1. Age: What is your age? [Open-ended]
2. Gender: What is your gender? [MCQ: A. Female B. Male]
3. Blood Type: What is your blood type? [MCQ: A. A+ B. A- C. AB+ D. AB- E. B+ F. B- G. O+ H. O-]
4. Medical Condition: What is your medical condition? [MCQ: A. Arthritis B. Asthma C. Cancer D. Diabetes E. Hypertension F. Obesity]
5. Date of Admission: What is your date of admission? [Open-ended]
6. Doctor: What is your doctor? [Open-ended]
7. Hospital: What is your hospital? [Open-ended]
8. Insurance Provider: What is your insurance provider? [MCQ: A. Aetna B. Blue Cross C. Cigna D. Medicare E. UnitedHealthcare]
9. Billing Amount: What is your billing amount? [Open-ended]
10. Room Number: What is your room number? [Open-ended]
11. Admission Type: What is your admission type? [MCQ: A. Elective B. Emergency C. Urgent]
12. Discharge Date: What is your discharge date? [Open-ended]
13. Medication: What is your medication? [MCQ: A. Aspirin B. Ibuprofen C. Lipitor D. Paracetamol E. Penicillin]
14. Test Results: What is your test results? [MCQ: A. Abnormal B. Inconclusive C. Normal]

Responses:
--------------------

Respondent 94:
  Age: 81
  Gender: a
  Blood Type: d
  Medical Condition: c
  Date of Admission: 2020-08-26
  Doctor: DOC_94
  Hospital: HOSP_94
  Insurance Provider: d
  Billing Amount: 40134
  Room Number: 327
  Admission Type: c
  Discharge Date: 2020-11-17
  Medication: e
  Test Results: a

Respondent 111:
  Age: 19
  Gender: a
  Blood Type: d
  Medical Condition: a
  Date of Admission: 2022-03-12
  Doctor: DOC_111
  Hospital: HOSP_111
  Insurance Provider: a
  Billing Amount: 3126
  Room Number: 249
  Admission Type: b
  Discharge Date: 2022-06-24
  Medication: a
  Test Results: b

Respondent 18:
  Age: 19
  Gender: b
  Blood Type: e
  Medical Condition: e
  Date of Admission: 2019-08-18
  Doctor: DOC_18
  Hospital: HOSP_18
  Insurance Provider: b
  Billing Amount: 12263
  Room Number: 109
  Admission Type: b
  Discharge Date: 2019-11-22
  Medication: a
  Test Results: a

Respondent 85:
  Age: 67
  Gender: b
  Blood Type: g
  Medical Condition: c
  Date of Admission: 2022-10-29
  Doctor: DOC_85
  Hospital: HOSP_85
  Insurance Provider: d
  Billing Amount: 44940
  Room Number: 293
  Admission Type: b
  Discharge Date: 2022-11-20
  Medication: e
  Test Results: c

Respondent 81:
  Age: 42
  Gender: a
  Blood Type: h
  Medical Condition: c
  Date of Admission: 2019-06-02
  Doctor: DOC_81
  Hospital: HOSP_81
  Insurance Provider: a
  Billing Amount: 14681
  Room Number: 234
  Admission Type: b
  Discharge Date: 2019-07-29
  Medication: b
  Test Results: a

Respondent 32:
  Age: 28
  Gender: b
  Blood Type: a
  Medical Condition: e
  Date of Admission: 2024-01-15
  Doctor: DOC_32
  Hospital: HOSP_32
  Insurance Provider: e
  Billing Amount: 39723
  Room Number: 500
  Admission Type: c
  Discharge Date: 2024-02-24
  Medication: c
  Test Results: b

Respondent 77:
  Age: 59
  Gender: b
  Blood Type: b
  Medical Condition: b
  Date of Admission: 2024-04-05
  Doctor: DOC_77
  Hospital: HOSP_77
  Insurance Provider: e
  Billing Amount: 39958
  Room Number: 233
  Admission Type: b
  Discharge Date: 2024-02-10
  Medication: b
  Test Results: b

Respondent 130:
  Age: 30
  Gender: a
  Blood Type: g
  Medical Condition: d
  Date of Admission: 2020-12-04
  Doctor: DOC_130
  Hospital: HOSP_130
  Insurance Provider: d
  Billing Amount: 34618
  Room Number: 449
  Admission Type: a
  Discharge Date: 2021-01-29
  Medication: b
  Test Results: a


</questionnaire>

<role>
You are a meticulous data analyst AI. Your primary function is to accurately analyze structured data and provide precise, verifiable answers.
</role>

<format>
You will be given a dataset with two key parts:

A 'questions' section: This is your data dictionary or schema. It is the single source of truth for understanding what each field and score means. Refer to it carefully.

A 'responses' section: This contains the raw data from each individual respondent.

To answer the question correctly, you must first use the 'questions' schema to fully understand the context and meaning of the data points within the 'responses'. Do not rely on any prior knowledge outside of this provided data. Base your entire analysis on the information given.
</format>

<output>
Provide your final answer directly and concisely. Output must be the human-readable value, not an option code.

Rules:
- For MCQ fields, map any letter codes in the Responses (case-insensitive) to the corresponding option text from the Questions schema, and output only that text. Do NOT include the letter or both.
  Example: If the schema is """"""""""""""""[MCQ: A. Abnormal B. Inconclusive C. Normal]"""""""""""""""" and the response is """"""""""""""""a"""""""""""""""", output """"""""""""""""Abnormal"""""""""""""""".
- For open-ended fields, output the exact text value.
- If the question asks for a count, provide only the number (e.g., """"""""""""""""42"""""""""""""""").
- If the question asks for a list of names or IDs, provide a simple comma-separated list (e.g., """"""""""""""""17, 21, 23"""""""""""""""").
- Preserve capitalization exactly as in the schema (e.g., output """"""""""""""""Abnormal"""""""""""""""", not """"""""""""""""abnormal"""""""""""""""" or """"""""""""""""A"""""""""""""""").
</output>

<task>
What is the age of the patient whose billing amount is the highest above the average billing amount for all patients with blood type = 'AB-' in this case?
</task>""""""""""""""",81,True,FALSE
case_48,answer_lookup,What is the medical condition of the patient whose billing amount is the highest above the average billing amount for all patients with medication = 'Aspirin' in this case?,"""""""""""""""Survey Data
==================================================

Questions:
1. Age: What is your age? [Open-ended]
2. Gender: What is your gender? [MCQ: A. Female B. Male]
3. Blood Type: What is your blood type? [MCQ: A. A+ B. A- C. AB+ D. AB- E. B+ F. B- G. O+ H. O-]
4. Medical Condition: What is your medical condition? [MCQ: A. Arthritis B. Asthma C. Cancer D. Diabetes E. Hypertension F. Obesity]
5. Date of Admission: What is your date of admission? [Open-ended]
6. Doctor: What is your doctor? [Open-ended]
7. Hospital: What is your hospital? [Open-ended]
8. Insurance Provider: What is your insurance provider? [MCQ: A. Aetna B. Blue Cross C. Cigna D. Medicare E. UnitedHealthcare]
9. Billing Amount: What is your billing amount? [Open-ended]
10. Room Number: What is your room number? [Open-ended]
11. Admission Type: What is your admission type? [MCQ: A. Elective B. Emergency C. Urgent]
12. Discharge Date: What is your discharge date? [Open-ended]
13. Medication: What is your medication? [MCQ: A. Aspirin B. Ibuprofen C. Lipitor D. Paracetamol E. Penicillin]
14. Test Results: What is your test results? [MCQ: A. Abnormal B. Inconclusive C. Normal]

Responses:
--------------------

Respondent 146:
  Age: 34
  Gender: a
  Blood Type: f
  Medical Condition: d
  Date of Admission: 2021-03-04
  Doctor: DOC_146
  Hospital: HOSP_146
  Insurance Provider: c
  Billing Amount: 1590
  Room Number: 245
  Admission Type: b
  Discharge Date: 2021-02-06
  Medication: e
  Test Results: b

Respondent 78:
  Age: 38
  Gender: b
  Blood Type: e
  Medical Condition: d
  Date of Admission: 2024-01-13
  Doctor: DOC_78
  Hospital: HOSP_78
  Insurance Provider: d
  Billing Amount: 23068
  Room Number: 310
  Admission Type: c
  Discharge Date: 2024-01-22
  Medication: a
  Test Results: b

Respondent 104:
  Age: 60
  Gender: b
  Blood Type: b
  Medical Condition: f
  Date of Admission: 2019-11-03
  Doctor: DOC_104
  Hospital: HOSP_104
  Insurance Provider: c
  Billing Amount: 4532
  Room Number: 300
  Admission Type: a
  Discharge Date: 2019-11-23
  Medication: e
  Test Results: b

Respondent 141:
  Age: 26
  Gender: a
  Blood Type: c
  Medical Condition: b
  Date of Admission: 2020-10-26
  Doctor: DOC_141
  Hospital: HOSP_141
  Insurance Provider: d
  Billing Amount: 46378
  Room Number: 226
  Admission Type: a
  Discharge Date: 2021-02-04
  Medication: c
  Test Results: a

Respondent 1:
  Age: 53
  Gender: b
  Blood Type: d
  Medical Condition: e
  Date of Admission: 2023-08-25
  Doctor: DOC_01
  Hospital: HOSP_01
  Insurance Provider: d
  Billing Amount: 24870
  Room Number: 418
  Admission Type: c
  Discharge Date: 2023-09-23
  Medication: c
  Test Results: a

Respondent 74:
  Age: 83
  Gender: b
  Blood Type: b
  Medical Condition: a
  Date of Admission: 2021-02-07
  Doctor: DOC_74
  Hospital: HOSP_74
  Insurance Provider: e
  Billing Amount: 40783
  Room Number: 425
  Admission Type: b
  Discharge Date: 2021-06-03
  Medication: a
  Test Results: a

Respondent 54:
  Age: 83
  Gender: a
  Blood Type: a
  Medical Condition: d
  Date of Admission: 2023-12-23
  Doctor: DOC_54
  Hospital: HOSP_54
  Insurance Provider: b
  Billing Amount: 10664
  Room Number: 388
  Admission Type: c
  Discharge Date: 2024-02-07
  Medication: a
  Test Results: a

""""""""""""""",Arthritis,"""""""""""""""<example>
What is the age of the patient with admission type = 'Emergency' and discharge date = '2021-03-05'?

DATA:

Survey Data
==================================================

Questions:
1. Age: What is your age? [Open-ended]
2. Gender: What is your gender? [MCQ: A. Female B. Male]
3. Blood Type: What is your blood type? [MCQ: A. A+ B. A- C. AB+ D. AB- E. B+ F. B- G. O+ H. O-]
4. Medical Condition: What is your medical condition? [MCQ: A. Arthritis B. Asthma C. Cancer D. Diabetes E. Hypertension F. Obesity]
5. Date of Admission: What is your date of admission? [Open-ended]
6. Doctor: What is your doctor? [Open-ended]
7. Hospital: What is your hospital? [Open-ended]
8. Insurance Provider: What is your insurance provider? [MCQ: A. Aetna B. Blue Cross C. Cigna D. Medicare E. UnitedHealthcare]
9. Billing Amount: What is your billing amount? [Open-ended]
10. Room Number: What is your room number? [Open-ended]
11. Admission Type: What is your admission type? [MCQ: A. Elective B. Emergency C. Urgent]
12. Discharge Date: What is your discharge date? [Open-ended]
13. Medication: What is your medication? [MCQ: A. Aspirin B. Ibuprofen C. Lipitor D. Paracetamol E. Penicillin]
14. Test Results: What is your test results? [MCQ: A. Abnormal B. Inconclusive C. Normal]

Responses:
--------------------

Respondent 146:
  Age: 34
  Gender: a
  Blood Type: f
  Medical Condition: d
  Date of Admission: 2021-03-04
  Doctor: DOC_146
  Hospital: HOSP_146
  Insurance Provider: c
  Billing Amount: 1590
  Room Number: 245
  Admission Type: b
  Discharge Date: 2021-02-06
  Medication: e
  Test Results: b

Respondent 78:
  Age: 38
  Gender: b
  Blood Type: e
  Medical Condition: d
  Date of Admission: 2024-01-13
  Doctor: DOC_78
  Hospital: HOSP_78
  Insurance Provider: d
  Billing Amount: 23068
  Room Number: 310
  Admission Type: c
  Discharge Date: 2024-01-22
  Medication: a
  Test Results: b

Respondent 104:
  Age: 60
  Gender: b
  Blood Type: b
  Medical Condition: f
  Date of Admission: 2019-11-03
  Doctor: DOC_104
  Hospital: HOSP_104
  Insurance Provider: c
  Billing Amount: 4532
  Room Number: 300
  Admission Type: a
  Discharge Date: 2019-11-23
  Medication: e
  Test Results: b

Respondent 141:
  Age: 26
  Gender: a
  Blood Type: c
  Medical Condition: b
  Date of Admission: 2020-10-26
  Doctor: DOC_141
  Hospital: HOSP_141
  Insurance Provider: d
  Billing Amount: 46378
  Room Number: 226
  Admission Type: a
  Discharge Date: 2021-02-04
  Medication: c
  Test Results: a

Respondent 1:
  Age: 53
  Gender: b
  Blood Type: d
  Medical Condition: e
  Date of Admission: 2023-08-25
  Doctor: DOC_01
  Hospital: HOSP_01
  Insurance Provider: d
  Billing Amount: 24870
  Room Number: 418
  Admission Type: c
  Discharge Date: 2023-09-23
  Medication: c
  Test Results: a

Respondent 74:
  Age: 83
  Gender: b
  Blood Type: b
  Medical Condition: a
  Date of Admission: 2021-02-07
  Doctor: DOC_74
  Hospital: HOSP_74
  Insurance Provider: e
  Billing Amount: 40783
  Room Number: 425
  Admission Type: b
  Discharge Date: 2021-06-03
  Medication: a
  Test Results: a

Respondent 54:
  Age: 83
  Gender: a
  Blood Type: a
  Medical Condition: d
  Date of Admission: 2023-12-23
  Doctor: DOC_54
  Hospital: HOSP_54
  Insurance Provider: b
  Billing Amount: 10664
  Room Number: 388
  Admission Type: c
  Discharge Date: 2024-02-07
  Medication: a
  Test Results: a



Answer: 57
</example>

<questionnaire>
Survey Data
==================================================

Questions:
1. Age: What is your age? [Open-ended]
2. Gender: What is your gender? [MCQ: A. Female B. Male]
3. Blood Type: What is your blood type? [MCQ: A. A+ B. A- C. AB+ D. AB- E. B+ F. B- G. O+ H. O-]
4. Medical Condition: What is your medical condition? [MCQ: A. Arthritis B. Asthma C. Cancer D. Diabetes E. Hypertension F. Obesity]
5. Date of Admission: What is your date of admission? [Open-ended]
6. Doctor: What is your doctor? [Open-ended]
7. Hospital: What is your hospital? [Open-ended]
8. Insurance Provider: What is your insurance provider? [MCQ: A. Aetna B. Blue Cross C. Cigna D. Medicare E. UnitedHealthcare]
9. Billing Amount: What is your billing amount? [Open-ended]
10. Room Number: What is your room number? [Open-ended]
11. Admission Type: What is your admission type? [MCQ: A. Elective B. Emergency C. Urgent]
12. Discharge Date: What is your discharge date? [Open-ended]
13. Medication: What is your medication? [MCQ: A. Aspirin B. Ibuprofen C. Lipitor D. Paracetamol E. Penicillin]
14. Test Results: What is your test results? [MCQ: A. Abnormal B. Inconclusive C. Normal]

Responses:
--------------------

Respondent 146:
  Age: 34
  Gender: a
  Blood Type: f
  Medical Condition: d
  Date of Admission: 2021-03-04
  Doctor: DOC_146
  Hospital: HOSP_146
  Insurance Provider: c
  Billing Amount: 1590
  Room Number: 245
  Admission Type: b
  Discharge Date: 2021-02-06
  Medication: e
  Test Results: b

Respondent 78:
  Age: 38
  Gender: b
  Blood Type: e
  Medical Condition: d
  Date of Admission: 2024-01-13
  Doctor: DOC_78
  Hospital: HOSP_78
  Insurance Provider: d
  Billing Amount: 23068
  Room Number: 310
  Admission Type: c
  Discharge Date: 2024-01-22
  Medication: a
  Test Results: b

Respondent 104:
  Age: 60
  Gender: b
  Blood Type: b
  Medical Condition: f
  Date of Admission: 2019-11-03
  Doctor: DOC_104
  Hospital: HOSP_104
  Insurance Provider: c
  Billing Amount: 4532
  Room Number: 300
  Admission Type: a
  Discharge Date: 2019-11-23
  Medication: e
  Test Results: b

Respondent 141:
  Age: 26
  Gender: a
  Blood Type: c
  Medical Condition: b
  Date of Admission: 2020-10-26
  Doctor: DOC_141
  Hospital: HOSP_141
  Insurance Provider: d
  Billing Amount: 46378
  Room Number: 226
  Admission Type: a
  Discharge Date: 2021-02-04
  Medication: c
  Test Results: a

Respondent 1:
  Age: 53
  Gender: b
  Blood Type: d
  Medical Condition: e
  Date of Admission: 2023-08-25
  Doctor: DOC_01
  Hospital: HOSP_01
  Insurance Provider: d
  Billing Amount: 24870
  Room Number: 418
  Admission Type: c
  Discharge Date: 2023-09-23
  Medication: c
  Test Results: a

Respondent 74:
  Age: 83
  Gender: b
  Blood Type: b
  Medical Condition: a
  Date of Admission: 2021-02-07
  Doctor: DOC_74
  Hospital: HOSP_74
  Insurance Provider: e
  Billing Amount: 40783
  Room Number: 425
  Admission Type: b
  Discharge Date: 2021-06-03
  Medication: a
  Test Results: a

Respondent 54:
  Age: 83
  Gender: a
  Blood Type: a
  Medical Condition: d
  Date of Admission: 2023-12-23
  Doctor: DOC_54
  Hospital: HOSP_54
  Insurance Provider: b
  Billing Amount: 10664
  Room Number: 388
  Admission Type: c
  Discharge Date: 2024-02-07
  Medication: a
  Test Results: a


</questionnaire>

<role>
You are a meticulous data analyst AI. Your primary function is to accurately analyze structured data and provide precise, verifiable answers.
</role>

<format>
You will be given a dataset with two key parts:

A 'questions' section: This is your data dictionary or schema. It is the single source of truth for understanding what each field and score means. Refer to it carefully.

A 'responses' section: This contains the raw data from each individual respondent.

To answer the question correctly, you must first use the 'questions' schema to fully understand the context and meaning of the data points within the 'responses'. Do not rely on any prior knowledge outside of this provided data. Base your entire analysis on the information given.
</format>

<output>
Provide your final answer directly and concisely. Output must be the human-readable value, not an option code.

Rules:
- For MCQ fields, map any letter codes in the Responses (case-insensitive) to the corresponding option text from the Questions schema, and output only that text. Do NOT include the letter or both.
  Example: If the schema is """"""""""""""""[MCQ: A. Abnormal B. Inconclusive C. Normal]"""""""""""""""" and the response is """"""""""""""""a"""""""""""""""", output """"""""""""""""Abnormal"""""""""""""""".
- For open-ended fields, output the exact text value.
- If the question asks for a count, provide only the number (e.g., """"""""""""""""42"""""""""""""""").
- If the question asks for a list of names or IDs, provide a simple comma-separated list (e.g., """"""""""""""""17, 21, 23"""""""""""""""").
- Preserve capitalization exactly as in the schema (e.g., output """"""""""""""""Abnormal"""""""""""""""", not """"""""""""""""abnormal"""""""""""""""" or """"""""""""""""A"""""""""""""""").
</output>

<task>
What is the medical condition of the patient whose billing amount is the highest above the average billing amount for all patients with medication = 'Aspirin' in this case?
</task>""""""""""""""",Arthritis,True,FALSE
case_49,answer_lookup,What is the medication of the patient whose age is the highest above the average age for all patients with insurance provider = 'Medicare' in this case?,"""""""""""""""Survey Data
==================================================

Questions:
1. Age: What is your age? [Open-ended]
2. Gender: What is your gender? [MCQ: A. Female B. Male]
3. Blood Type: What is your blood type? [MCQ: A. A+ B. A- C. AB+ D. AB- E. B+ F. B- G. O+ H. O-]
4. Medical Condition: What is your medical condition? [MCQ: A. Arthritis B. Asthma C. Cancer D. Diabetes E. Hypertension F. Obesity]
5. Date of Admission: What is your date of admission? [Open-ended]
6. Doctor: What is your doctor? [Open-ended]
7. Hospital: What is your hospital? [Open-ended]
8. Insurance Provider: What is your insurance provider? [MCQ: A. Aetna B. Blue Cross C. Cigna D. Medicare E. UnitedHealthcare]
9. Billing Amount: What is your billing amount? [Open-ended]
10. Room Number: What is your room number? [Open-ended]
11. Admission Type: What is your admission type? [MCQ: A. Elective B. Emergency C. Urgent]
12. Discharge Date: What is your discharge date? [Open-ended]
13. Medication: What is your medication? [MCQ: A. Aspirin B. Ibuprofen C. Lipitor D. Paracetamol E. Penicillin]
14. Test Results: What is your test results? [MCQ: A. Abnormal B. Inconclusive C. Normal]

Responses:
--------------------

Respondent 149:
  Age: 63
  Gender: b
  Blood Type: a
  Medical Condition: f
  Date of Admission: 2019-10-14
  Doctor: DOC_149
  Hospital: HOSP_149
  Insurance Provider: d
  Billing Amount: 33211
  Room Number: 263
  Admission Type: b
  Discharge Date: 2019-10-16
  Medication: b
  Test Results: c

Respondent 83:
  Age: 24
  Gender: a
  Blood Type: a
  Medical Condition: a
  Date of Admission: 2019-06-15
  Doctor: DOC_83
  Hospital: HOSP_83
  Insurance Provider: e
  Billing Amount: 25966
  Room Number: 102
  Admission Type: c
  Discharge Date: 2019-11-29
  Medication: e
  Test Results: a

Respondent 120:
  Age: 51
  Gender: b
  Blood Type: f
  Medical Condition: b
  Date of Admission: 2021-08-01
  Doctor: DOC_120
  Hospital: HOSP_120
  Insurance Provider: a
  Billing Amount: 49402
  Room Number: 361
  Admission Type: c
  Discharge Date: 2021-07-01
  Medication: d
  Test Results: b

Respondent 114:
  Age: 81
  Gender: a
  Blood Type: d
  Medical Condition: d
  Date of Admission: 2024-01-04
  Doctor: DOC_114
  Hospital: HOSP_114
  Insurance Provider: b
  Billing Amount: 20258
  Room Number: 250
  Admission Type: a
  Discharge Date: 2023-11-08
  Medication: e
  Test Results: a

Respondent 55:
  Age: 30
  Gender: b
  Blood Type: d
  Medical Condition: e
  Date of Admission: 2024-03-17
  Doctor: DOC_55
  Hospital: HOSP_55
  Insurance Provider: d
  Billing Amount: 32562
  Room Number: 430
  Admission Type: b
  Discharge Date: 2024-04-22
  Medication: d
  Test Results: b

Respondent 131:
  Age: 44
  Gender: b
  Blood Type: d
  Medical Condition: b
  Date of Admission: 2021-01-30
  Doctor: DOC_131
  Hospital: HOSP_131
  Insurance Provider: e
  Billing Amount: 14238
  Room Number: 450
  Admission Type: a
  Discharge Date: 2021-06-22
  Medication: b
  Test Results: b

Respondent 122:
  Age: 73
  Gender: a
  Blood Type: h
  Medical Condition: d
  Date of Admission: 2021-12-26
  Doctor: DOC_122
  Hospital: HOSP_122
  Insurance Provider: c
  Billing Amount: 48996
  Room Number: 104
  Admission Type: b
  Discharge Date: 2022-05-20
  Medication: c
  Test Results: a

Respondent 44:
  Age: 54
  Gender: a
  Blood Type: d
  Medical Condition: c
  Date of Admission: 2020-10-24
  Doctor: DOC_44
  Hospital: HOSP_44
  Insurance Provider: c
  Billing Amount: 48407
  Room Number: 394
  Admission Type: a
  Discharge Date: 2020-11-13
  Medication: e
  Test Results: b

Respondent 22:
  Age: 57
  Gender: b
  Blood Type: g
  Medical Condition: a
  Date of Admission: 2022-06-21
  Doctor: DOC_22
  Hospital: HOSP_22
  Insurance Provider: a
  Billing Amount: 5998
  Room Number: 325
  Admission Type: c
  Discharge Date: 2022-04-13
  Medication: c
  Test Results: b

Respondent 73:
  Age: 21
  Gender: b
  Blood Type: h
  Medical Condition: d
  Date of Admission: 2024-01-05
  Doctor: DOC_73
  Hospital: HOSP_73
  Insurance Provider: d
  Billing Amount: 49943
  Room Number: 410
  Admission Type: a
  Discharge Date: 2024-03-26
  Medication: c
  Test Results: c

Respondent 132:
  Age: 27
  Gender: a
  Blood Type: c
  Medical Condition: f
  Date of Admission: 2021-08-02
  Doctor: DOC_132
  Hospital: HOSP_132
  Insurance Provider: e
  Billing Amount: 22356
  Room Number: 402
  Admission Type: c
  Discharge Date: 2021-08-13
  Medication: d
  Test Results: c

""""""""""""""",Ibuprofen,"""""""""""""""<example>
What is the age of the patient with admission type = 'Emergency' and discharge date = '2021-03-05'?

DATA:

Survey Data
==================================================

Questions:
1. Age: What is your age? [Open-ended]
2. Gender: What is your gender? [MCQ: A. Female B. Male]
3. Blood Type: What is your blood type? [MCQ: A. A+ B. A- C. AB+ D. AB- E. B+ F. B- G. O+ H. O-]
4. Medical Condition: What is your medical condition? [MCQ: A. Arthritis B. Asthma C. Cancer D. Diabetes E. Hypertension F. Obesity]
5. Date of Admission: What is your date of admission? [Open-ended]
6. Doctor: What is your doctor? [Open-ended]
7. Hospital: What is your hospital? [Open-ended]
8. Insurance Provider: What is your insurance provider? [MCQ: A. Aetna B. Blue Cross C. Cigna D. Medicare E. UnitedHealthcare]
9. Billing Amount: What is your billing amount? [Open-ended]
10. Room Number: What is your room number? [Open-ended]
11. Admission Type: What is your admission type? [MCQ: A. Elective B. Emergency C. Urgent]
12. Discharge Date: What is your discharge date? [Open-ended]
13. Medication: What is your medication? [MCQ: A. Aspirin B. Ibuprofen C. Lipitor D. Paracetamol E. Penicillin]
14. Test Results: What is your test results? [MCQ: A. Abnormal B. Inconclusive C. Normal]

Responses:
--------------------

Respondent 149:
  Age: 63
  Gender: b
  Blood Type: a
  Medical Condition: f
  Date of Admission: 2019-10-14
  Doctor: DOC_149
  Hospital: HOSP_149
  Insurance Provider: d
  Billing Amount: 33211
  Room Number: 263
  Admission Type: b
  Discharge Date: 2019-10-16
  Medication: b
  Test Results: c

Respondent 83:
  Age: 24
  Gender: a
  Blood Type: a
  Medical Condition: a
  Date of Admission: 2019-06-15
  Doctor: DOC_83
  Hospital: HOSP_83
  Insurance Provider: e
  Billing Amount: 25966
  Room Number: 102
  Admission Type: c
  Discharge Date: 2019-11-29
  Medication: e
  Test Results: a

Respondent 120:
  Age: 51
  Gender: b
  Blood Type: f
  Medical Condition: b
  Date of Admission: 2021-08-01
  Doctor: DOC_120
  Hospital: HOSP_120
  Insurance Provider: a
  Billing Amount: 49402
  Room Number: 361
  Admission Type: c
  Discharge Date: 2021-07-01
  Medication: d
  Test Results: b

Respondent 114:
  Age: 81
  Gender: a
  Blood Type: d
  Medical Condition: d
  Date of Admission: 2024-01-04
  Doctor: DOC_114
  Hospital: HOSP_114
  Insurance Provider: b
  Billing Amount: 20258
  Room Number: 250
  Admission Type: a
  Discharge Date: 2023-11-08
  Medication: e
  Test Results: a

Respondent 55:
  Age: 30
  Gender: b
  Blood Type: d
  Medical Condition: e
  Date of Admission: 2024-03-17
  Doctor: DOC_55
  Hospital: HOSP_55
  Insurance Provider: d
  Billing Amount: 32562
  Room Number: 430
  Admission Type: b
  Discharge Date: 2024-04-22
  Medication: d
  Test Results: b

Respondent 131:
  Age: 44
  Gender: b
  Blood Type: d
  Medical Condition: b
  Date of Admission: 2021-01-30
  Doctor: DOC_131
  Hospital: HOSP_131
  Insurance Provider: e
  Billing Amount: 14238
  Room Number: 450
  Admission Type: a
  Discharge Date: 2021-06-22
  Medication: b
  Test Results: b

Respondent 122:
  Age: 73
  Gender: a
  Blood Type: h
  Medical Condition: d
  Date of Admission: 2021-12-26
  Doctor: DOC_122
  Hospital: HOSP_122
  Insurance Provider: c
  Billing Amount: 48996
  Room Number: 104
  Admission Type: b
  Discharge Date: 2022-05-20
  Medication: c
  Test Results: a

Respondent 44:
  Age: 54
  Gender: a
  Blood Type: d
  Medical Condition: c
  Date of Admission: 2020-10-24
  Doctor: DOC_44
  Hospital: HOSP_44
  Insurance Provider: c
  Billing Amount: 48407
  Room Number: 394
  Admission Type: a
  Discharge Date: 2020-11-13
  Medication: e
  Test Results: b

Respondent 22:
  Age: 57
  Gender: b
  Blood Type: g
  Medical Condition: a
  Date of Admission: 2022-06-21
  Doctor: DOC_22
  Hospital: HOSP_22
  Insurance Provider: a
  Billing Amount: 5998
  Room Number: 325
  Admission Type: c
  Discharge Date: 2022-04-13
  Medication: c
  Test Results: b

Respondent 73:
  Age: 21
  Gender: b
  Blood Type: h
  Medical Condition: d
  Date of Admission: 2024-01-05
  Doctor: DOC_73
  Hospital: HOSP_73
  Insurance Provider: d
  Billing Amount: 49943
  Room Number: 410
  Admission Type: a
  Discharge Date: 2024-03-26
  Medication: c
  Test Results: c

Respondent 132:
  Age: 27
  Gender: a
  Blood Type: c
  Medical Condition: f
  Date of Admission: 2021-08-02
  Doctor: DOC_132
  Hospital: HOSP_132
  Insurance Provider: e
  Billing Amount: 22356
  Room Number: 402
  Admission Type: c
  Discharge Date: 2021-08-13
  Medication: d
  Test Results: c



Answer: 57
</example>

<questionnaire>
Survey Data
==================================================

Questions:
1. Age: What is your age? [Open-ended]
2. Gender: What is your gender? [MCQ: A. Female B. Male]
3. Blood Type: What is your blood type? [MCQ: A. A+ B. A- C. AB+ D. AB- E. B+ F. B- G. O+ H. O-]
4. Medical Condition: What is your medical condition? [MCQ: A. Arthritis B. Asthma C. Cancer D. Diabetes E. Hypertension F. Obesity]
5. Date of Admission: What is your date of admission? [Open-ended]
6. Doctor: What is your doctor? [Open-ended]
7. Hospital: What is your hospital? [Open-ended]
8. Insurance Provider: What is your insurance provider? [MCQ: A. Aetna B. Blue Cross C. Cigna D. Medicare E. UnitedHealthcare]
9. Billing Amount: What is your billing amount? [Open-ended]
10. Room Number: What is your room number? [Open-ended]
11. Admission Type: What is your admission type? [MCQ: A. Elective B. Emergency C. Urgent]
12. Discharge Date: What is your discharge date? [Open-ended]
13. Medication: What is your medication? [MCQ: A. Aspirin B. Ibuprofen C. Lipitor D. Paracetamol E. Penicillin]
14. Test Results: What is your test results? [MCQ: A. Abnormal B. Inconclusive C. Normal]

Responses:
--------------------

Respondent 149:
  Age: 63
  Gender: b
  Blood Type: a
  Medical Condition: f
  Date of Admission: 2019-10-14
  Doctor: DOC_149
  Hospital: HOSP_149
  Insurance Provider: d
  Billing Amount: 33211
  Room Number: 263
  Admission Type: b
  Discharge Date: 2019-10-16
  Medication: b
  Test Results: c

Respondent 83:
  Age: 24
  Gender: a
  Blood Type: a
  Medical Condition: a
  Date of Admission: 2019-06-15
  Doctor: DOC_83
  Hospital: HOSP_83
  Insurance Provider: e
  Billing Amount: 25966
  Room Number: 102
  Admission Type: c
  Discharge Date: 2019-11-29
  Medication: e
  Test Results: a

Respondent 120:
  Age: 51
  Gender: b
  Blood Type: f
  Medical Condition: b
  Date of Admission: 2021-08-01
  Doctor: DOC_120
  Hospital: HOSP_120
  Insurance Provider: a
  Billing Amount: 49402
  Room Number: 361
  Admission Type: c
  Discharge Date: 2021-07-01
  Medication: d
  Test Results: b

Respondent 114:
  Age: 81
  Gender: a
  Blood Type: d
  Medical Condition: d
  Date of Admission: 2024-01-04
  Doctor: DOC_114
  Hospital: HOSP_114
  Insurance Provider: b
  Billing Amount: 20258
  Room Number: 250
  Admission Type: a
  Discharge Date: 2023-11-08
  Medication: e
  Test Results: a

Respondent 55:
  Age: 30
  Gender: b
  Blood Type: d
  Medical Condition: e
  Date of Admission: 2024-03-17
  Doctor: DOC_55
  Hospital: HOSP_55
  Insurance Provider: d
  Billing Amount: 32562
  Room Number: 430
  Admission Type: b
  Discharge Date: 2024-04-22
  Medication: d
  Test Results: b

Respondent 131:
  Age: 44
  Gender: b
  Blood Type: d
  Medical Condition: b
  Date of Admission: 2021-01-30
  Doctor: DOC_131
  Hospital: HOSP_131
  Insurance Provider: e
  Billing Amount: 14238
  Room Number: 450
  Admission Type: a
  Discharge Date: 2021-06-22
  Medication: b
  Test Results: b

Respondent 122:
  Age: 73
  Gender: a
  Blood Type: h
  Medical Condition: d
  Date of Admission: 2021-12-26
  Doctor: DOC_122
  Hospital: HOSP_122
  Insurance Provider: c
  Billing Amount: 48996
  Room Number: 104
  Admission Type: b
  Discharge Date: 2022-05-20
  Medication: c
  Test Results: a

Respondent 44:
  Age: 54
  Gender: a
  Blood Type: d
  Medical Condition: c
  Date of Admission: 2020-10-24
  Doctor: DOC_44
  Hospital: HOSP_44
  Insurance Provider: c
  Billing Amount: 48407
  Room Number: 394
  Admission Type: a
  Discharge Date: 2020-11-13
  Medication: e
  Test Results: b

Respondent 22:
  Age: 57
  Gender: b
  Blood Type: g
  Medical Condition: a
  Date of Admission: 2022-06-21
  Doctor: DOC_22
  Hospital: HOSP_22
  Insurance Provider: a
  Billing Amount: 5998
  Room Number: 325
  Admission Type: c
  Discharge Date: 2022-04-13
  Medication: c
  Test Results: b

Respondent 73:
  Age: 21
  Gender: b
  Blood Type: h
  Medical Condition: d
  Date of Admission: 2024-01-05
  Doctor: DOC_73
  Hospital: HOSP_73
  Insurance Provider: d
  Billing Amount: 49943
  Room Number: 410
  Admission Type: a
  Discharge Date: 2024-03-26
  Medication: c
  Test Results: c

Respondent 132:
  Age: 27
  Gender: a
  Blood Type: c
  Medical Condition: f
  Date of Admission: 2021-08-02
  Doctor: DOC_132
  Hospital: HOSP_132
  Insurance Provider: e
  Billing Amount: 22356
  Room Number: 402
  Admission Type: c
  Discharge Date: 2021-08-13
  Medication: d
  Test Results: c


</questionnaire>

<role>
You are a meticulous data analyst AI. Your primary function is to accurately analyze structured data and provide precise, verifiable answers.
</role>

<format>
You will be given a dataset with two key parts:

A 'questions' section: This is your data dictionary or schema. It is the single source of truth for understanding what each field and score means. Refer to it carefully.

A 'responses' section: This contains the raw data from each individual respondent.

To answer the question correctly, you must first use the 'questions' schema to fully understand the context and meaning of the data points within the 'responses'. Do not rely on any prior knowledge outside of this provided data. Base your entire analysis on the information given.
</format>

<output>
Provide your final answer directly and concisely. Output must be the human-readable value, not an option code.

Rules:
- For MCQ fields, map any letter codes in the Responses (case-insensitive) to the corresponding option text from the Questions schema, and output only that text. Do NOT include the letter or both.
  Example: If the schema is """"""""""""""""[MCQ: A. Abnormal B. Inconclusive C. Normal]"""""""""""""""" and the response is """"""""""""""""a"""""""""""""""", output """"""""""""""""Abnormal"""""""""""""""".
- For open-ended fields, output the exact text value.
- If the question asks for a count, provide only the number (e.g., """"""""""""""""42"""""""""""""""").
- If the question asks for a list of names or IDs, provide a simple comma-separated list (e.g., """"""""""""""""17, 21, 23"""""""""""""""").
- Preserve capitalization exactly as in the schema (e.g., output """"""""""""""""Abnormal"""""""""""""""", not """"""""""""""""abnormal"""""""""""""""" or """"""""""""""""A"""""""""""""""").
</output>

<task>
What is the medication of the patient whose age is the highest above the average age for all patients with insurance provider = 'Medicare' in this case?
</task>""""""""""""""",Penicillin,False,FALSE
